{
  "type": "FeatureCollection",
  "generator": "overpass-turbo",
  "copyright": "The data included in this document is from www.openstreetmap.org. The data is made available under ODbL.",
  "timestamp": "2026-04-21T06:07:45Z",
  "features": [
    {
      "type": "Feature",
      "properties": {
        "@id": "way/71889623",
        "source": "Mapbox",
        "waterway": "river"
      },
      "geometry": {
        "type": "LineString",
        "coordinates": [
          [
            102.4561143,
            17.1348541
          ],
          [
            102.456522,
            17.1338612
          ],
          [
            102.4566829,
            17.1336458
          ],
          [
            102.4568653,
            17.1336048
          ],
          [
            102.4570799,
            17.1336956
          ],
          [
            102.4572623,
            17.1339227
          ],
          [
            102.4573481,
            17.1345378
          ],
          [
            102.4578738,
            17.1347516
          ],
          [
            102.4578309,
            17.1350694
          ],
          [
            102.4579489,
            17.1352335
          ],
          [
            102.4582708,
            17.135358
          ],
          [
            102.4583996,
            17.1354898
          ],
          [
            102.4582815,
            17.1357051
          ],
          [
            102.4578846,
            17.1358281
          ],
          [
            102.4578524,
            17.1360229
          ],
          [
            102.4579811,
            17.136269
          ],
          [
            102.4582172,
            17.1363305
          ],
          [
            102.4594403,
            17.1359614
          ],
          [
            102.4597299,
            17.1358076
          ],
          [
            102.4597085,
            17.1355426
          ],
          [
            102.4595154,
            17.1352965
          ],
          [
            102.4589253,
            17.1350079
          ],
          [
            102.4589145,
            17.1347839
          ],
          [
            102.4592364,
            17.134321
          ],
          [
            102.4594188,
            17.1343005
          ],
          [
            102.4596656,
            17.1346388
          ],
          [
            102.4597836,
            17.1346388
          ],
          [
            102.4601484,
            17.1341159
          ],
          [
            102.4601269,
            17.1337366
          ],
          [
            102.4601591,
            17.1335418
          ],
          [
            102.4604166,
            17.1334803
          ],
          [
            102.4606526,
            17.133593
          ],
          [
            102.4608243,
            17.1334408
          ],
          [
            102.4608779,
            17.1330614
          ],
          [
            102.4607599,
            17.1328651
          ],
          [
            102.4603737,
            17.1328359
          ],
          [
            102.4602342,
            17.1327728
          ],
          [
            102.4601913,
            17.1322704
          ],
          [
            102.4604702,
            17.131686
          ],
          [
            102.4606741,
            17.1314195
          ],
          [
            102.4606526,
            17.1310929
          ],
          [
            102.4607706,
            17.1308966
          ],
          [
            102.4610067,
            17.130794
          ],
          [
            102.4611461,
            17.1306402
          ],
          [
            102.4610496,
            17.1304572
          ],
          [
            102.4606204,
            17.1303327
          ],
          [
            102.4605346,
            17.1300763
          ],
          [
            102.4607277,
            17.129943
          ],
          [
            102.4612534,
            17.1299943
          ],
          [
            102.4613607,
            17.1298933
          ],
          [
            102.4611569,
            17.1292064
          ],
          [
            102.4608779,
            17.1287142
          ],
          [
            102.4603307,
            17.1285179
          ],
          [
            102.4602556,
            17.1282821
          ],
          [
            102.4604809,
            17.1278925
          ],
          [
            102.461232,
            17.127002
          ],
          [
            102.4614358,
            17.1265391
          ],
          [
            102.46135,
            17.1262725
          ],
          [
            102.460599,
            17.1262022
          ],
          [
            102.4604429,
            17.12599
          ],
          [
            102.460416,
            17.1255855
          ],
          [
            102.4600303,
            17.1252928
          ],
          [
            102.4595148,
            17.125707
          ],
          [
            102.4595942,
            17.1261582
          ],
          [
            102.4594387,
            17.126337
          ],
          [
            102.4592466,
            17.1263689
          ],
          [
            102.4586855,
            17.1258295
          ],
          [
            102.4581946,
            17.125117
          ],
          [
            102.4571437,
            17.1244577
          ],
          [
            102.4567548,
            17.1236487
          ],
          [
            102.4558681,
            17.1235831
          ],
          [
            102.4553295,
            17.1235662
          ],
          [
            102.4546815,
            17.1232698
          ],
          [
            102.454623,
            17.123176
          ],
          [
            102.4546337,
            17.1229812
          ],
          [
            102.4550736,
            17.1227572
          ],
          [
            102.4556744,
            17.1225506
          ],
          [
            102.455653,
            17.1224598
          ],
          [
            102.4551165,
            17.122243
          ],
          [
            102.4547088,
            17.1220584
          ],
          [
            102.4545479,
            17.1218123
          ],
          [
            102.4545479,
            17.1213612
          ],
          [
            102.4544513,
            17.1211459
          ],
          [
            102.4541617,
            17.1210638
          ],
          [
            102.4538934,
            17.1209921
          ],
          [
            102.4537647,
            17.120828
          ],
          [
            102.4537111,
            17.1201733
          ],
          [
            102.453754,
            17.1200093
          ],
          [
            102.4541509,
            17.1197719
          ],
          [
            102.454226,
            17.1195463
          ],
          [
            102.454108,
            17.11929
          ],
          [
            102.4538398,
            17.1191567
          ],
          [
            102.453357,
            17.1191362
          ],
          [
            102.4531317,
            17.1189942
          ],
          [
            102.4529815,
            17.1186235
          ],
          [
            102.4530459,
            17.118461
          ],
          [
            102.4533892,
            17.1182764
          ],
          [
            102.4534536,
            17.1180083
          ],
          [
            102.4533999,
            17.1174956
          ],
          [
            102.4535501,
            17.1173434
          ],
          [
            102.4539364,
            17.1172408
          ],
          [
            102.4540758,
            17.1170152
          ],
          [
            102.4540222,
            17.1168189
          ],
          [
            102.4538398,
            17.1166548
          ],
          [
            102.4533785,
            17.1165728
          ],
          [
            102.4530029,
            17.1166548
          ],
          [
            102.4526382,
            17.1165523
          ],
          [
            102.4525202,
            17.116378
          ],
          [
            102.4525845,
            17.1161934
          ],
          [
            102.4528742,
            17.1161216
          ],
          [
            102.4532283,
            17.1160822
          ],
          [
            102.4534321,
            17.1159078
          ],
          [
            102.4534214,
            17.1156105
          ],
          [
            102.4531961,
            17.1153731
          ],
          [
            102.4527776,
            17.1149117
          ],
          [
            102.4526382,
            17.1148399
          ],
          [
            102.4524021,
            17.1149014
          ],
          [
            102.4521446,
            17.115067
          ],
          [
            102.4519837,
            17.1149527
          ],
          [
            102.4519623,
            17.1148312
          ],
          [
            102.4521768,
            17.1144298
          ],
          [
            102.4526489,
            17.1142247
          ],
          [
            102.4531532,
            17.114276
          ],
          [
            102.4535716,
            17.1144708
          ],
          [
            102.4537003,
            17.1146671
          ],
          [
            102.4538076,
            17.115004
          ],
          [
            102.4539685,
            17.1151081
          ],
          [
            102.4545479,
            17.1147681
          ],
          [
            102.4549985,
            17.1146246
          ],
          [
            102.4555135,
            17.1146554
          ],
          [
            102.4559105,
            17.1145015
          ],
          [
            102.4559963,
            17.1143272
          ],
          [
            102.4558461,
            17.1141324
          ],
          [
            102.4556959,
            17.1140709
          ],
          [
            102.4552238,
            17.1138366
          ],
          [
            102.4549449,
            17.1136505
          ],
          [
            102.4546552,
            17.1135582
          ],
          [
            102.4544513,
            17.1136725
          ],
          [
            102.4542797,
            17.1135802
          ],
          [
            102.4542046,
            17.1132711
          ]
        ]
      },
      "id": "way/71889623"
    },
    {
      "type": "Feature",
      "properties": {
        "@id": "way/117914985",
        "name": "ลำน้ำพวย",
        "name:en": "Lamnam Phuai",
        "source": "Bing",
        "waterway": "river"
      },
      "geometry": {
        "type": "LineString",
        "coordinates": [
          [
            102.1646653,
            17.0284543
          ],
          [
            102.1650041,
            17.0283336
          ],
          [
            102.1653922,
            17.0280921
          ],
          [
            102.1657464,
            17.0277121
          ],
          [
            102.1658942,
            17.0276326
          ],
          [
            102.1661345,
            17.0276061
          ],
          [
            102.1672249,
            17.0277917
          ],
          [
            102.1675668,
            17.0279595
          ],
          [
            102.1680719,
            17.0285221
          ],
          [
            102.1682598,
            17.0297355
          ],
          [
            102.1684508,
            17.0299917
          ],
          [
            102.1695412,
            17.0306632
          ],
          [
            102.1697291,
            17.0309282
          ],
          [
            102.1701849,
            17.0320061
          ],
          [
            102.1702712,
            17.0320915
          ],
          [
            102.170419,
            17.032121
          ],
          [
            102.1707671,
            17.0319472
          ],
          [
            102.171149,
            17.0313023
          ],
          [
            102.1712045,
            17.0309724
          ],
          [
            102.1713215,
            17.0307191
          ],
          [
            102.171531,
            17.0305513
          ],
          [
            102.1717897,
            17.0305218
          ],
          [
            102.1722949,
            17.0306337
          ],
          [
            102.1726953,
            17.030887
          ],
          [
            102.1728893,
            17.0311521
          ],
          [
            102.1747251,
            17.0323595
          ],
          [
            102.1751348,
            17.0325657
          ],
          [
            102.1752796,
            17.0325893
          ],
          [
            102.1754551,
            17.0325598
          ],
          [
            102.1760404,
            17.0323448
          ],
          [
            102.1772509,
            17.0312846
          ],
          [
            102.1776328,
            17.0307103
          ],
          [
            102.1781287,
            17.0302744
          ],
          [
            102.179253,
            17.0299681
          ],
          [
            102.1811566,
            17.0291553
          ],
          [
            102.1813229,
            17.0291199
          ],
          [
            102.1814892,
            17.0291759
          ],
          [
            102.1818003,
            17.0294321
          ],
          [
            102.1821515,
            17.0296029
          ],
          [
            102.1826843,
            17.0297148
          ],
          [
            102.1830324,
            17.029491
          ],
          [
            102.1830201,
            17.0292318
          ],
          [
            102.1830755,
            17.0292024
          ],
          [
            102.1838085,
            17.02943
          ],
          [
            102.1841474,
            17.0295352
          ],
          [
            102.184264,
            17.0295221
          ],
          [
            102.1843829,
            17.0294743
          ],
          [
            102.1844459,
            17.0295041
          ],
          [
            102.1850099,
            17.0301389
          ],
          [
            102.185438,
            17.0303863
          ],
          [
            102.1860756,
            17.0304688
          ],
          [
            102.1862081,
            17.0303893
          ],
          [
            102.1865099,
            17.0299534
          ],
          [
            102.1869411,
            17.0296324
          ],
          [
            102.18736,
            17.0295175
          ],
          [
            102.1877543,
            17.0295529
          ],
          [
            102.1881794,
            17.0294822
          ],
          [
            102.1884166,
            17.0292966
          ],
          [
            102.1884997,
            17.0290699
          ],
          [
            102.1885305,
            17.0288372
          ],
          [
            102.1884104,
            17.0285368
          ],
          [
            102.1881794,
            17.0282217
          ],
          [
            102.1873077,
            17.0275678
          ],
          [
            102.187206,
            17.0273911
          ],
          [
            102.1872615,
            17.0271349
          ],
          [
            102.1874247,
            17.0270141
          ],
          [
            102.1878529,
            17.0269641
          ],
          [
            102.1880839,
            17.0268433
          ],
          [
            102.1888139,
            17.0267255
          ],
          [
            102.1891096,
            17.0265783
          ],
          [
            102.189319,
            17.0263102
          ],
          [
            102.1893714,
            17.0259686
          ],
          [
            102.1892605,
            17.02525
          ],
          [
            102.1892451,
            17.0248347
          ],
          [
            102.1893283,
            17.0245225
          ],
          [
            102.1903139,
            17.0234976
          ],
          [
            102.1904156,
            17.0232855
          ],
          [
            102.1904218,
            17.0230882
          ],
          [
            102.1903232,
            17.0229321
          ],
          [
            102.1898981,
            17.0227407
          ],
          [
            102.1889956,
            17.0223048
          ],
          [
            102.1886075,
            17.021913
          ],
          [
            102.1882933,
            17.0212739
          ],
          [
            102.1882194,
            17.0209087
          ],
          [
            102.1883395,
            17.0196923
          ],
          [
            102.1885459,
            17.0188558
          ],
          [
            102.188817,
            17.0185054
          ],
          [
            102.1890572,
            17.0183699
          ],
          [
            102.1912873,
            17.0183993
          ],
          [
            102.1922021,
            17.0186232
          ],
          [
            102.1926179,
            17.0185436
          ],
          [
            102.1934403,
            17.0181107
          ],
          [
            102.1936991,
            17.0179045
          ],
          [
            102.1938623,
            17.0176866
          ],
          [
            102.1939547,
            17.0174126
          ],
          [
            102.1939824,
            17.0170769
          ],
          [
            102.1939516,
            17.0168442
          ],
          [
            102.1934403,
            17.0159753
          ],
          [
            102.1934188,
            17.0157662
          ],
          [
            102.1935173,
            17.015563
          ],
          [
            102.193505,
            17.0153833
          ],
          [
            102.1933488,
            17.0151198
          ],
          [
            102.1933334,
            17.01484
          ],
          [
            102.1935067,
            17.0143761
          ],
          [
            102.1937954,
            17.0138496
          ],
          [
            102.1936607,
            17.0122702
          ],
          [
            102.1935644,
            17.0120603
          ],
          [
            102.1933719,
            17.0119278
          ],
          [
            102.1931524,
            17.0118946
          ],
          [
            102.1929368,
            17.0117695
          ],
          [
            102.192856,
            17.0115449
          ],
          [
            102.1928983,
            17.0112246
          ],
          [
            102.1931755,
            17.0107791
          ],
          [
            102.1931909,
            17.010595
          ],
          [
            102.1931332,
            17.0104109
          ],
          [
            102.1930177,
            17.0101937
          ],
          [
            102.19306,
            17.0099507
          ],
          [
            102.1931871,
            17.0097813
          ],
          [
            102.1934797,
            17.0096267
          ],
          [
            102.1938994,
            17.009229
          ],
          [
            102.1943229,
            17.0083049
          ],
          [
            102.1945655,
            17.0072998
          ],
          [
            102.1945501,
            17.0071635
          ],
          [
            102.1944538,
            17.00695
          ],
          [
            102.194423,
            17.0066775
          ],
          [
            102.1944923,
            17.0064824
          ],
          [
            102.1946348,
            17.0064161
          ],
          [
            102.1949235,
            17.0064308
          ],
          [
            102.196067,
            17.006287
          ],
          [
            102.1982309,
            17.0060148
          ],
          [
            102.1985428,
            17.0060921
          ],
          [
            102.1993937,
            17.0068763
          ],
          [
            102.1997094,
            17.007031
          ],
          [
            102.1999943,
            17.0069942
          ],
          [
            102.2002138,
            17.0068064
          ],
          [
            102.2004371,
            17.0062541
          ],
          [
            102.2013034,
            17.0052011
          ],
          [
            102.2014997,
            17.0052232
          ],
          [
            102.2020927,
            17.0055472
          ],
          [
            102.2033209,
            17.0057828
          ],
          [
            102.2038368,
            17.0057423
          ],
          [
            102.2041025,
            17.0056024
          ],
          [
            102.2042334,
            17.0053889
          ],
          [
            102.2045876,
            17.004137
          ],
          [
            102.2047686,
            17.003883
          ],
          [
            102.2049534,
            17.003802
          ],
          [
            102.2063472,
            17.0038646
          ],
          [
            102.2066821,
            17.0039456
          ],
          [
            102.2068323,
            17.0040671
          ],
          [
            102.207637,
            17.005422
          ],
          [
            102.2079219,
            17.0056466
          ],
          [
            102.2082338,
            17.0057681
          ],
          [
            102.2084917,
            17.0057386
          ],
          [
            102.2087574,
            17.005514
          ],
          [
            102.2090808,
            17.005017
          ],
          [
            102.2091424,
            17.0042585
          ],
          [
            102.2092772,
            17.0038461
          ],
          [
            102.2099625,
            17.0031539
          ],
          [
            102.2107557,
            17.0027158
          ],
          [
            102.2114256,
            17.0026422
          ],
          [
            102.2119262,
            17.0028152
          ],
          [
            102.2122804,
            17.0026569
          ],
          [
            102.212496,
            17.0023108
          ],
          [
            102.2128425,
            17.0020567
          ],
          [
            102.2132352,
            17.0019426
          ],
          [
            102.2135702,
            17.001556
          ],
          [
            102.2136896,
            17.0011804
          ],
          [
            102.2136511,
            17.0009853
          ],
          [
            102.2129272,
            17.000201
          ],
          [
            102.2127193,
            16.998927
          ],
          [
            102.2127655,
            16.9983931
          ],
          [
            102.2130196,
            16.9979403
          ],
          [
            102.2132853,
            16.9978261
          ],
          [
            102.2134393,
            16.9978519
          ],
          [
            102.2135278,
            16.9979292
          ],
          [
            102.2136703,
            16.9984778
          ],
          [
            102.2137858,
            16.9986803
          ],
          [
            102.2145289,
            16.9990265
          ],
          [
            102.2149024,
            16.9990817
          ],
          [
            102.2151526,
            16.9989896
          ],
          [
            102.2153182,
            16.9987798
          ],
          [
            102.2155146,
            16.9982643
          ],
          [
            102.215965,
            16.9977451
          ],
          [
            102.216173,
            16.9976751
          ],
          [
            102.2162423,
            16.9975463
          ],
          [
            102.2161499,
            16.9973217
          ],
          [
            102.2159843,
            16.9972444
          ],
          [
            102.2156647,
            16.9971707
          ],
          [
            102.2150987,
            16.9965263
          ],
          [
            102.2148061,
            16.9964012
          ],
          [
            102.2144288,
            16.9963975
          ],
          [
            102.2137165,
            16.9959851
          ],
          [
            102.2135163,
            16.9959888
          ],
          [
            102.2132545,
            16.995812
          ],
          [
            102.2132006,
            16.9956463
          ],
          [
            102.2132352,
            16.9954954
          ],
          [
            102.2134123,
            16.9952818
          ],
          [
            102.2137781,
            16.9950277
          ],
          [
            102.2141824,
            16.9949983
          ],
          [
            102.2153644,
            16.9948363
          ],
          [
            102.216531,
            16.9948989
          ],
          [
            102.2172164,
            16.9945896
          ],
          [
            102.2173396,
            16.9944423
          ],
          [
            102.2173819,
            16.9942987
          ],
          [
            102.2174628,
            16.9930394
          ],
          [
            102.2176322,
            16.992314
          ],
          [
            102.2180288,
            16.9915555
          ],
          [
            102.2181096,
            16.9911799
          ],
          [
            102.2182097,
            16.9909811
          ],
          [
            102.2185177,
            16.9907933
          ],
          [
            102.2186795,
            16.9908043
          ],
          [
            102.2187873,
            16.9908596
          ],
          [
            102.2188681,
            16.9911578
          ],
          [
            102.219026,
            16.9914009
          ],
          [
            102.2192031,
            16.9915113
          ],
          [
            102.2206277,
            16.9916844
          ],
          [
            102.2208702,
            16.9918022
          ],
          [
            102.2211552,
            16.9918611
          ],
          [
            102.2220138,
            16.9918169
          ],
          [
            102.2224026,
            16.9916328
          ],
          [
            102.2224912,
            16.9914855
          ],
          [
            102.2224604,
            16.9913714
          ],
          [
            102.2221656,
            16.9910895
          ],
          [
            102.2221175,
            16.9909456
          ],
          [
            102.2222438,
            16.9904969
          ],
          [
            102.2221596,
            16.9902035
          ],
          [
            102.2219189,
            16.9897374
          ],
          [
            102.2218768,
            16.9892484
          ],
          [
            102.2217144,
            16.9890758
          ],
          [
            102.2213715,
            16.988955
          ],
          [
            102.2210105,
            16.988955
          ],
          [
            102.2207759,
            16.9891103
          ],
          [
            102.220433,
            16.9896454
          ],
          [
            102.2202766,
            16.9896626
          ],
          [
            102.2201081,
            16.9896281
          ],
          [
            102.2199818,
            16.9894728
          ],
          [
            102.2198013,
            16.9884889
          ],
          [
            102.2195547,
            16.9880114
          ],
          [
            102.2195727,
            16.9877928
          ],
          [
            102.220072,
            16.986901
          ],
          [
            102.2206195,
            16.9862278
          ],
          [
            102.2209203,
            16.9860782
          ],
          [
            102.2211188,
            16.9860782
          ],
          [
            102.2214076,
            16.986153
          ],
          [
            102.2219009,
            16.9860494
          ],
          [
            102.2229296,
            16.9852267
          ],
          [
            102.2237177,
            16.9840932
          ],
          [
            102.2237117,
            16.9838861
          ],
          [
            102.2232244,
            16.9834949
          ],
          [
            102.2228935,
            16.982603
          ],
          [
            102.2221175,
            16.9815213
          ],
          [
            102.2218648,
            16.9806008
          ],
          [
            102.2219233,
            16.9794749
          ],
          [
            102.2218638,
            16.9788987
          ],
          [
            102.2215514,
            16.9775115
          ],
          [
            102.2215886,
            16.9772459
          ],
          [
            102.2216977,
            16.9770325
          ],
          [
            102.2232125,
            16.9763045
          ],
          [
            102.2234952,
            16.9761338
          ],
          [
            102.223815,
            16.975503
          ],
          [
            102.2237679,
            16.975318
          ],
          [
            102.2230861,
            16.9744146
          ],
          [
            102.2230563,
            16.9743055
          ],
          [
            102.2233291,
            16.9736581
          ],
          [
            102.223639,
            16.9733356
          ],
          [
            102.2236687,
            16.9731649
          ],
          [
            102.2235671,
            16.972942
          ],
          [
            102.223396,
            16.9727641
          ],
          [
            102.2226448,
            16.972508
          ],
          [
            102.2223547,
            16.972131
          ],
          [
            102.2223547,
            16.9719863
          ],
          [
            102.2226125,
            16.9714267
          ],
          [
            102.2227935,
            16.971154
          ],
          [
            102.2229423,
            16.9709856
          ],
          [
            102.2229844,
            16.9708244
          ],
          [
            102.2229646,
            16.9702268
          ],
          [
            102.2228778,
            16.9696055
          ],
          [
            102.2229666,
            16.969142
          ],
          [
            102.2231258,
            16.9683107
          ],
          [
            102.2233191,
            16.9680593
          ],
          [
            102.223515,
            16.9676918
          ],
          [
            102.2234952,
            16.9674712
          ],
          [
            102.2227192,
            16.9656761
          ],
          [
            102.222553,
            16.9655314
          ],
          [
            102.2223101,
            16.9654887
          ],
          [
            102.2221861,
            16.9654342
          ],
          [
            102.221896,
            16.9650619
          ],
          [
            102.2218985,
            16.9648793
          ],
          [
            102.221953,
            16.9647109
          ],
          [
            102.2221142,
            16.9645947
          ],
          [
            102.2221539,
            16.9644334
          ],
          [
            102.2229869,
            16.9634706
          ],
          [
            102.223039,
            16.9633141
          ],
          [
            102.223039,
            16.9624556
          ],
          [
            102.2231431,
            16.9622185
          ],
          [
            102.2233018,
            16.9620549
          ],
          [
            102.2235324,
            16.9619695
          ],
          [
            102.2237406,
            16.9619647
          ],
          [
            102.2242489,
            16.9622209
          ],
          [
            102.2247671,
            16.9623655
          ],
          [
            102.2250348,
            16.9623584
          ],
          [
            102.225201,
            16.9622517
          ],
          [
            102.2254836,
            16.9617679
          ],
          [
            102.2260464,
            16.9612414
          ],
          [
            102.2261059,
            16.9611134
          ],
          [
            102.2260985,
            16.9609592
          ],
          [
            102.2260588,
            16.9608359
          ],
          [
            102.2253324,
            16.9602098
          ],
          [
            102.2246679,
            16.9598755
          ],
          [
            102.2245514,
            16.9597545
          ],
          [
            102.2244373,
            16.9593656
          ],
          [
            102.2239762,
            16.9587324
          ],
          [
            102.223939,
            16.9581063
          ],
          [
            102.2239117,
            16.9579427
          ],
          [
            102.2234034,
            16.9567569
          ],
          [
            102.2234605,
            16.9565411
          ],
          [
            102.2236018,
            16.9563775
          ],
          [
            102.224358,
            16.9558723
          ],
          [
            102.2245762,
            16.9556707
          ],
          [
            102.2251737,
            16.9544731
          ],
          [
            102.2251687,
            16.9542952
          ],
          [
            102.2251117,
            16.9541743
          ],
          [
            102.2250348,
            16.9541174
          ],
          [
            102.2249034,
            16.9541031
          ],
          [
            102.2240853,
            16.9542834
          ],
          [
            102.2238472,
            16.9542976
          ],
          [
            102.2236687,
            16.9542431
          ],
          [
            102.2234332,
            16.9540059
          ],
          [
            102.2233439,
            16.9538091
          ],
          [
            102.2234109,
            16.9536431
          ],
          [
            102.2235671,
            16.9535719
          ],
          [
            102.2237605,
            16.9534913
          ],
          [
            102.2238324,
            16.95333
          ],
          [
            102.2237654,
            16.9520659
          ],
          [
            102.2237927,
            16.9517648
          ],
          [
            102.2241224,
            16.9508982
          ],
          [
            102.2241161,
            16.950755
          ],
          [
            102.2240501,
            16.9505158
          ],
          [
            102.2241097,
            16.9501503
          ],
          [
            102.2243103,
            16.9497811
          ],
          [
            102.2248219,
            16.9493585
          ],
          [
            102.2249399,
            16.948963
          ],
          [
            102.2250593,
            16.9485632
          ],
          [
            102.2250453,
            16.9483908
          ],
          [
            102.2250948,
            16.9482572
          ],
          [
            102.2250885,
            16.948188
          ],
          [
            102.2250377,
            16.9480969
          ],
          [
            102.2250681,
            16.9479852
          ],
          [
            102.2251583,
            16.9478856
          ],
          [
            102.2251748,
            16.9477836
          ],
          [
            102.2253081,
            16.9475323
          ],
          [
            102.2261738,
            16.9469725
          ],
          [
            102.2262652,
            16.9468632
          ],
          [
            102.2264429,
            16.9463022
          ],
          [
            102.2265064,
            16.9459039
          ],
          [
            102.2270611,
            16.9450345
          ],
          [
            102.2272401,
            16.9448681
          ],
          [
            102.2289119,
            16.942233
          ],
          [
            102.2289234,
            16.9415239
          ],
          [
            102.2288891,
            16.9413004
          ],
          [
            102.2287533,
            16.9410126
          ],
          [
            102.2286276,
            16.9401857
          ],
          [
            102.2285514,
            16.9399598
          ],
          [
            102.2282975,
            16.9395518
          ],
          [
            102.2277974,
            16.9391401
          ],
          [
            102.2277085,
            16.9385512
          ],
          [
            102.2277707,
            16.9382476
          ],
          [
            102.2278507,
            16.938165
          ],
          [
            102.2279688,
            16.9381456
          ],
          [
            102.2282658,
            16.9382209
          ],
          [
            102.2284435,
            16.9383387
          ],
          [
            102.2285463,
            16.9383302
          ],
          [
            102.2288675,
            16.9381504
          ],
          [
            102.2289843,
            16.9381383
          ],
          [
            102.2292991,
            16.9383496
          ],
          [
            102.2293854,
            16.9383666
          ],
          [
            102.2295695,
            16.9383338
          ],
          [
            102.2301712,
            16.9377449
          ],
          [
            102.2304403,
            16.9375991
          ],
          [
            102.2305406,
            16.9375117
          ],
          [
            102.2305736,
            16.9374133
          ],
          [
            102.2304797,
            16.9369822
          ],
          [
            102.2302651,
            16.9366811
          ],
          [
            102.2301103,
            16.936301
          ],
          [
            102.2300557,
            16.9361868
          ],
          [
            102.2298158,
            16.936018
          ],
          [
            102.2296876,
            16.9359913
          ],
          [
            102.2294159,
            16.9360059
          ],
          [
            102.2293397,
            16.9360302
          ],
          [
            102.2291315,
            16.9363034
          ],
          [
            102.2289983,
            16.936352
          ],
          [
            102.228884,
            16.9363508
          ],
          [
            102.2283712,
            16.9361213
          ],
          [
            102.2279789,
            16.9357654
          ],
          [
            102.2277961,
            16.9356744
          ],
          [
            102.2277174,
            16.9355214
          ],
          [
            102.2277073,
            16.9353671
          ],
          [
            102.2278126,
            16.9351328
          ],
          [
            102.2280297,
            16.9349968
          ],
          [
            102.2287025,
            16.9348984
          ],
          [
            102.2291861,
            16.9345074
          ],
          [
            102.230288,
            16.9339803
          ],
          [
            102.2304746,
            16.9337824
          ],
          [
            102.2306904,
            16.9333015
          ],
          [
            102.2306955,
            16.9332104
          ],
          [
            102.2306663,
            16.9331218
          ],
          [
            102.2305977,
            16.9330343
          ],
          [
            102.2304936,
            16.9329906
          ],
          [
            102.2304111,
            16.9330003
          ],
          [
            102.2302816,
            16.9330477
          ],
          [
            102.230128,
            16.9330708
          ],
          [
            102.2300036,
            16.933027
          ],
          [
            102.2297294,
            16.9328437
          ],
          [
            102.2296584,
            16.9327125
          ],
          [
            102.2295593,
            16.9324599
          ],
          [
            102.2294362,
            16.9323215
          ],
          [
            102.229176,
            16.9321284
          ],
          [
            102.2291036,
            16.9319657
          ],
          [
            102.22911,
            16.9318819
          ],
          [
            102.2291607,
            16.9318297
          ],
          [
            102.2292369,
            16.9316621
          ],
          [
            102.2292306,
            16.9315601
          ],
          [
            102.2291366,
            16.9312759
          ],
          [
            102.2290732,
            16.9309504
          ],
          [
            102.2291112,
            16.9306821
          ],
          [
            102.2296558,
            16.9291434
          ],
          [
            102.2296558,
            16.9290523
          ],
          [
            102.2296279,
            16.929005
          ],
          [
            102.2293905,
            16.9287985
          ],
          [
            102.2293372,
            16.9287876
          ],
          [
            102.2291696,
            16.9288252
          ],
          [
            102.2287926,
            16.9287633
          ],
          [
            102.2285616,
            16.9287062
          ],
          [
            102.2283001,
            16.9284864
          ],
          [
            102.2282163,
            16.9282775
          ],
          [
            102.2281604,
            16.9280492
          ],
          [
            102.2280843,
            16.9279569
          ],
          [
            102.227819,
            16.9277784
          ],
          [
            102.2276387,
            16.9275282
          ],
          [
            102.2275372,
            16.9272623
          ],
          [
            102.2274889,
            16.9268664
          ],
          [
            102.2274851,
            16.9265701
          ],
          [
            102.2275968,
            16.9261912
          ],
          [
            102.2277212,
            16.9260114
          ],
          [
            102.2277682,
            16.9258766
          ],
          [
            102.2277542,
            16.9256592
          ],
          [
            102.2277783,
            16.9254431
          ],
          [
            102.2281528,
            16.9248516
          ],
          [
            102.2281376,
            16.9247606
          ],
          [
            102.2280906,
            16.9247035
          ],
          [
            102.2274496,
            16.9243234
          ],
          [
            102.2270764,
            16.9242384
          ],
          [
            102.226985,
            16.9241145
          ],
          [
            102.2269634,
            16.9239262
          ],
          [
            102.2269862,
            16.9238048
          ],
          [
            102.2272046,
            16.9232547
          ],
          [
            102.2272515,
            16.9226924
          ],
          [
            102.2271881,
            16.9225673
          ],
          [
            102.226938,
            16.9223183
          ],
          [
            102.2269304,
            16.9222442
          ],
          [
            102.2270979,
            16.9219394
          ],
          [
            102.2272312,
            16.9218738
          ],
          [
            102.2273683,
            16.9218726
          ],
          [
            102.2275105,
            16.921909
          ],
          [
            102.2280068,
            16.9223159
          ],
          [
            102.2281363,
            16.9223608
          ],
          [
            102.2282226,
            16.9223414
          ],
          [
            102.2284131,
            16.9220827
          ],
          [
            102.2284892,
            16.9217937
          ],
          [
            102.2289678,
            16.9210771
          ],
          [
            102.2292661,
            16.9208027
          ],
          [
            102.2294959,
            16.9207614
          ],
          [
            102.2295517,
            16.9207845
          ],
          [
            102.2296787,
            16.9210334
          ],
          [
            102.2297713,
            16.9210808
          ],
          [
            102.2299275,
            16.9210796
          ],
          [
            102.2300925,
            16.9209618
          ],
          [
            102.2301991,
            16.9207723
          ],
          [
            102.2301966,
            16.920646
          ],
          [
            102.2301522,
            16.9205464
          ],
          [
            102.2298196,
            16.9201189
          ],
          [
            102.2297167,
            16.9196757
          ],
          [
            102.2296266,
            16.9194619
          ],
          [
            102.2294667,
            16.919287
          ],
          [
            102.2291125,
            16.9189688
          ],
          [
            102.2286073,
            16.9187284
          ],
          [
            102.2282455,
            16.9183859
          ],
          [
            102.2281452,
            16.9182329
          ],
          [
            102.2279307,
            16.9175734
          ],
          [
            102.2279231,
            16.9174313
          ],
          [
            102.2279776,
            16.9172698
          ],
          [
            102.2279218,
            16.9171665
          ],
          [
            102.2277809,
            16.917033
          ],
          [
            102.2277263,
            16.9167973
          ],
          [
            102.2277365,
            16.9167172
          ],
          [
            102.2279738,
            16.9164488
          ],
          [
            102.2282023,
            16.9163261
          ],
          [
            102.2284118,
            16.9160844
          ],
          [
            102.2285083,
            16.9160723
          ],
          [
            102.2285882,
            16.916099
          ],
          [
            102.2288929,
            16.916433
          ],
          [
            102.2290541,
            16.9165617
          ],
          [
            102.2291747,
            16.9166079
          ],
          [
            102.229567,
            16.916597
          ],
          [
            102.2297206,
            16.9166346
          ],
          [
            102.2301128,
            16.9168313
          ],
          [
            102.2302118,
            16.9168362
          ],
          [
            102.230877,
            16.9166176
          ],
          [
            102.2312159,
            16.9162775
          ],
          [
            102.2312337,
            16.9161658
          ],
          [
            102.2312147,
            16.916048
          ],
          [
            102.2312654,
            16.9156982
          ],
          [
            102.2313695,
            16.9155744
          ],
          [
            102.2315625,
            16.9155464
          ],
          [
            102.2317795,
            16.9156339
          ],
          [
            102.2324473,
            16.9163018
          ],
          [
            102.2328382,
            16.916501
          ],
          [
            102.2331302,
            16.9165617
          ],
          [
            102.2333854,
            16.9165787
          ],
          [
            102.2335809,
            16.9165277
          ],
          [
            102.2338093,
            16.9164026
          ],
          [
            102.2339363,
            16.9162035
          ],
          [
            102.2339312,
            16.9160359
          ],
          [
            102.2337827,
            16.9157735
          ],
          [
            102.2335542,
            16.9156715
          ],
          [
            102.2330007,
            16.9151408
          ],
          [
            102.2326212,
            16.914944
          ],
          [
            102.2325628,
            16.9148627
          ],
          [
            102.2325425,
            16.9147606
          ],
          [
            102.2326415,
            16.9145651
          ],
          [
            102.2327341,
            16.9145007
          ],
          [
            102.2332292,
            16.9145991
          ],
          [
            102.2335364,
            16.9143319
          ],
          [
            102.2335859,
            16.9141765
          ],
          [
            102.2338754,
            16.9139894
          ],
          [
            102.2346092,
            16.9138849
          ],
          [
            102.2353154,
            16.9137377
          ],
          [
            102.2356964,
            16.9137612
          ],
          [
            102.2358712,
            16.9136809
          ],
          [
            102.2360146,
            16.9134033
          ],
          [
            102.2364166,
            16.9131424
          ],
          [
            102.2372486,
            16.9129417
          ],
          [
            102.2374234,
            16.9129919
          ],
          [
            102.2376122,
            16.9131558
          ],
          [
            102.2378778,
            16.9131591
          ],
          [
            102.2382729,
            16.9129618
          ],
          [
            102.2385456,
            16.9123363
          ],
          [
            102.2391748,
            16.9115938
          ],
          [
            102.2392133,
            16.910858
          ],
          [
            102.2391189,
            16.9106306
          ],
          [
            102.239035,
            16.9106071
          ],
          [
            102.2389546,
            16.9106172
          ],
          [
            102.238633,
            16.910761
          ],
          [
            102.2385211,
            16.9107911
          ],
          [
            102.2384267,
            16.9107677
          ],
          [
            102.2382169,
            16.9105603
          ],
          [
            102.2380631,
            16.9100921
          ],
          [
            102.2379513,
            16.9098914
          ],
          [
            102.2379268,
            16.909209
          ],
          [
            102.2379652,
            16.909082
          ],
          [
            102.2380876,
            16.9090084
          ],
          [
            102.2389581,
            16.9090251
          ],
          [
            102.2391923,
            16.9090585
          ],
          [
            102.2393077,
            16.9090251
          ],
          [
            102.2394859,
            16.9089314
          ],
          [
            102.2400977,
            16.9089114
          ],
          [
            102.2402131,
            16.9088712
          ],
          [
            102.2402935,
            16.9088043
          ],
          [
            102.240318,
            16.9087007
          ],
          [
            102.2402725,
            16.9086037
          ],
          [
            102.2399032,
            16.9082362
          ],
          [
            102.2398014,
            16.9079722
          ],
          [
            102.2398343,
            16.907768
          ],
          [
            102.2400018,
            16.907504
          ],
          [
            102.2401594,
            16.9073815
          ],
          [
            102.2402284,
            16.9072024
          ],
          [
            102.2401988,
            16.9069447
          ],
          [
            102.2402415,
            16.906797
          ],
          [
            102.2403499,
            16.9067499
          ],
          [
            102.2404813,
            16.9067499
          ],
          [
            102.2405831,
            16.9068064
          ],
          [
            102.2406356,
            16.9068913
          ],
          [
            102.2406455,
            16.9070421
          ],
          [
            102.2406126,
            16.9073438
          ],
          [
            102.2406816,
            16.9074883
          ],
          [
            102.2408097,
            16.9075637
          ],
          [
            102.2409871,
            16.9075889
          ],
          [
            102.2411677,
            16.9075292
          ],
          [
            102.2412925,
            16.9074192
          ],
          [
            102.2420774,
            16.9064168
          ],
          [
            102.2421136,
            16.9062565
          ],
          [
            102.2420512,
            16.9060585
          ],
          [
            102.2419329,
            16.9059486
          ],
          [
            102.2417786,
            16.9059297
          ],
          [
            102.2413023,
            16.9060303
          ],
          [
            102.241079,
            16.9059831
          ],
          [
            102.2409049,
            16.9058072
          ],
          [
            102.2409049,
            16.9057129
          ],
          [
            102.2410724,
            16.904767
          ],
          [
            102.2411381,
            16.9046413
          ],
          [
            102.2413188,
            16.9045282
          ],
          [
            102.2414567,
            16.9044748
          ],
          [
            102.2416012,
            16.9044779
          ],
          [
            102.242015,
            16.9046476
          ],
          [
            102.2422351,
            16.9047953
          ],
          [
            102.2422778,
            16.9049116
          ],
          [
            102.2422351,
            16.9052698
          ],
          [
            102.2422975,
            16.9054866
          ],
          [
            102.242373,
            16.9055715
          ],
          [
            102.242488,
            16.9055966
          ],
          [
            102.2426161,
            16.9055715
          ],
          [
            102.2430135,
            16.9053138
          ],
          [
            102.2430693,
            16.9052353
          ],
          [
            102.243066,
            16.9048393
          ],
          [
            102.2431284,
            16.9045659
          ],
          [
            102.2436493,
            16.9039632
          ],
          [
            102.2436782,
            16.9039029
          ],
          [
            102.2436756,
            16.9038325
          ],
          [
            102.2436283,
            16.9037546
          ],
          [
            102.2423224,
            16.9033825
          ],
          [
            102.2403676,
            16.9031185
          ],
          [
            102.2382998,
            16.9032392
          ],
          [
            102.2375799,
            16.9031864
          ],
          [
            102.2364186,
            16.9031663
          ],
          [
            102.2362058,
            16.9030909
          ],
          [
            102.2359956,
            16.9029652
          ],
          [
            102.2359325,
            16.9028219
          ],
          [
            102.2359246,
            16.9026409
          ],
          [
            102.2359562,
            16.9024348
          ],
          [
            102.236014,
            16.9022814
          ],
          [
            102.2361217,
            16.902216
          ],
          [
            102.2371306,
            16.9021507
          ],
          [
            102.2372751,
            16.9020451
          ],
          [
            102.2375668,
            16.9016353
          ],
          [
            102.2377822,
            16.9010973
          ],
          [
            102.2378795,
            16.9009867
          ],
          [
            102.2380187,
            16.9008786
          ],
          [
            102.2381422,
            16.900851
          ],
          [
            102.2384181,
            16.9009415
          ],
          [
            102.2385705,
            16.9009465
          ],
          [
            102.2386782,
            16.9008862
          ],
          [
            102.2388306,
            16.9007228
          ],
          [
            102.2388963,
            16.9005468
          ],
          [
            102.2388831,
            16.9003758
          ],
          [
            102.2385547,
            16.9000867
          ],
          [
            102.2383655,
            16.8998906
          ],
          [
            102.2382394,
            16.899589
          ],
          [
            102.2381947,
            16.8993878
          ],
          [
            102.2382105,
            16.8993024
          ],
          [
            102.238292,
            16.8992596
          ],
          [
            102.2389147,
            16.8991264
          ],
          [
            102.2408327,
            16.8994281
          ],
          [
            102.2409194,
            16.899408
          ],
          [
            102.2412189,
            16.8991314
          ],
          [
            102.2413372,
            16.898958
          ],
          [
            102.2416104,
            16.8981082
          ],
          [
            102.2417681,
            16.8978593
          ],
          [
            102.2419572,
            16.8977764
          ],
          [
            102.2420571,
            16.8977814
          ],
          [
            102.242128,
            16.8978267
          ],
          [
            102.2422331,
            16.8978468
          ],
          [
            102.2425405,
            16.8977789
          ],
          [
            102.2431186,
            16.8975225
          ],
          [
            102.2432867,
            16.8973817
          ],
          [
            102.2434417,
            16.8971227
          ],
          [
            102.2435678,
            16.8970423
          ],
          [
            102.2444691,
            16.8968864
          ],
          [
            102.2448763,
            16.896728
          ],
          [
            102.2461033,
            16.8959764
          ],
          [
            102.2461296,
            16.8959085
          ],
          [
            102.246127,
            16.8958406
          ],
          [
            102.2460876,
            16.8957727
          ],
          [
            102.2459378,
            16.8956998
          ],
          [
            102.2455883,
            16.8955766
          ],
          [
            102.2454149,
            16.8954409
          ],
          [
            102.2452415,
            16.8952599
          ],
          [
            102.2451391,
            16.8950763
          ],
          [
            102.2450629,
            16.8948652
          ],
          [
            102.2450471,
            16.8946012
          ],
          [
            102.2452494,
            16.8936006
          ],
          [
            102.2453203,
            16.8935252
          ],
          [
            102.2454649,
            16.89349
          ],
          [
            102.2456225,
            16.8935201
          ],
          [
            102.2459693,
            16.8939224
          ],
          [
            102.2464317,
            16.8942241
          ],
          [
            102.2465579,
            16.8942417
          ],
          [
            102.2467103,
            16.894204
          ],
          [
            102.2468653,
            16.8941109
          ],
          [
            102.2469966,
            16.8939048
          ],
          [
            102.2471569,
            16.893759
          ],
          [
            102.2472042,
            16.8936333
          ],
          [
            102.2471701,
            16.8934271
          ],
          [
            102.2471858,
            16.8933291
          ],
          [
            102.2472515,
            16.8932587
          ],
          [
            102.2473829,
            16.8932411
          ],
          [
            102.2476167,
            16.8932939
          ],
          [
            102.2479924,
            16.893588
          ],
          [
            102.248137,
            16.8938847
          ],
          [
            102.248137,
            16.8941311
          ],
          [
            102.2482447,
            16.8943246
          ],
          [
            102.24851,
            16.8944353
          ],
          [
            102.2488674,
            16.8944327
          ],
          [
            102.249406,
            16.8941964
          ],
          [
            102.2496635,
            16.8939174
          ],
          [
            102.2496714,
            16.8935428
          ],
          [
            102.2496976,
            16.8934196
          ],
          [
            102.2497765,
            16.8932763
          ],
          [
            102.2500655,
            16.8931908
          ],
          [
            102.2502126,
            16.8932084
          ],
          [
            102.2503046,
            16.893314
          ],
          [
            102.2503729,
            16.8935101
          ],
          [
            102.2503098,
            16.893857
          ],
          [
            102.2502704,
            16.8940456
          ],
          [
            102.2503177,
            16.8941587
          ],
          [
            102.2506435,
            16.8944428
          ],
          [
            102.2508721,
            16.894488
          ],
          [
            102.2513188,
            16.8944805
          ],
          [
            102.2516577,
            16.8943674
          ],
          [
            102.251839,
            16.8941688
          ],
          [
            102.2518942,
            16.8939224
          ],
          [
            102.2520045,
            16.8938017
          ],
          [
            102.2521464,
            16.8937489
          ],
          [
            102.2524092,
            16.8937489
          ],
          [
            102.2526167,
            16.8937288
          ],
          [
            102.2529478,
            16.8936308
          ],
          [
            102.2532657,
            16.893593
          ],
          [
            102.253728,
            16.8936667
          ]
        ]
      },
      "id": "way/117914985"
    },
    {
      "type": "Feature",
      "properties": {
        "@id": "way/310746880",
        "fixme": "Sign on river bridge near here but low res imagery prevents better location. Fix when better imagery available.",
        "name": "ลำน้ำฮวย",
        "name:en": "Lam Nam Huai",
        "name:th": "ลำน้ำฮวย",
        "source": "GPS, gelocated drive-by photo",
        "source:name": "sign",
        "waterway": "stream"
      },
      "geometry": {
        "type": "LineString",
        "coordinates": [
          [
            101.937937,
            17.3885337
          ],
          [
            101.9378192,
            17.3875367
          ],
          [
            101.93745,
            17.386891
          ]
        ]
      },
      "id": "way/310746880"
    },
    {
      "type": "Feature",
      "properties": {
        "@id": "way/310889889",
        "name": "ห้วยบง",
        "name:en": "Huai Bong",
        "name:th": "ห้วยบง",
        "source": "Mapbox Satellite",
        "source:name": "sign",
        "waterway": "stream"
      },
      "geometry": {
        "type": "LineString",
        "coordinates": [
          [
            102.3626602,
            17.2555533
          ],
          [
            102.3624589,
            17.2552141
          ],
          [
            102.362382,
            17.2548524
          ],
          [
            102.3623169,
            17.2545189
          ],
          [
            102.3622932,
            17.2542815
          ],
          [
            102.362453,
            17.254095
          ],
          [
            102.3628259,
            17.2539424
          ],
          [
            102.3628614,
            17.2538689
          ],
          [
            102.3626247,
            17.2533941
          ],
          [
            102.362311,
            17.252501
          ],
          [
            102.3622281,
            17.2519301
          ],
          [
            102.3621157,
            17.2516532
          ],
          [
            102.362021,
            17.251444
          ],
          [
            102.362092,
            17.2512462
          ],
          [
            102.3622991,
            17.2508675
          ],
          [
            102.3623051,
            17.2505849
          ],
          [
            102.3620742,
            17.2502401
          ],
          [
            102.3618316,
            17.24998
          ],
          [
            102.3617073,
            17.2497539
          ],
          [
            102.3616658,
            17.249217
          ],
          [
            102.3615948,
            17.2487535
          ],
          [
            102.3614528,
            17.2483747
          ],
          [
            102.3613581,
            17.2482052
          ],
          [
            102.3611332,
            17.2475438
          ],
          [
            102.3609142,
            17.2467468
          ],
          [
            102.3607662,
            17.2464698
          ],
          [
            102.360417,
            17.2461759
          ],
          [
            102.3602039,
            17.245848
          ],
          [
            102.3600265,
            17.2455292
          ],
          [
            102.3598312,
            17.2452691
          ],
          [
            102.3596595,
            17.2443308
          ],
          [
            102.3596654,
            17.243969
          ],
          [
            102.3597661,
            17.2435451
          ],
          [
            102.3597601,
            17.2432681
          ],
          [
            102.359553,
            17.2428159
          ],
          [
            102.3592393,
            17.2425163
          ],
          [
            102.3591032,
            17.2422619
          ],
          [
            102.3588072,
            17.2420471
          ],
          [
            102.3584403,
            17.2419341
          ],
          [
            102.3579017,
            17.2418662
          ],
          [
            102.3576649,
            17.2416684
          ],
          [
            102.3573394,
            17.2411992
          ],
          [
            102.3573394,
            17.2404474
          ],
          [
            102.3575584,
            17.2400574
          ],
          [
            102.3575288,
            17.239786
          ]
        ]
      },
      "id": "way/310889889"
    },
    {
      "type": "Feature",
      "properties": {
        "@id": "way/310931106",
        "fixme": "My English translation might need correcting.",
        "name": "ห้วยน้ำวังเวิน",
        "name:en": "Huai Nam Wangwin",
        "name:th": "ห้วยน้ำวังเวิน",
        "source": "Mapbox Satellite",
        "source:name": "sign",
        "waterway": "stream"
      },
      "geometry": {
        "type": "LineString",
        "coordinates": [
          [
            102.4110069,
            17.2250845
          ],
          [
            102.410962,
            17.2250093
          ],
          [
            102.4109512,
            17.2249384
          ],
          [
            102.4109499,
            17.2248568
          ],
          [
            102.4109794,
            17.2247768
          ],
          [
            102.4110518,
            17.2246865
          ],
          [
            102.4111712,
            17.2246077
          ],
          [
            102.4113807,
            17.2242719
          ],
          [
            102.4115103,
            17.2240481
          ],
          [
            102.4114518,
            17.2237523
          ],
          [
            102.4114601,
            17.2234805
          ],
          [
            102.4114015,
            17.2233445
          ],
          [
            102.4113011,
            17.2230327
          ],
          [
            102.4112341,
            17.2228009
          ],
          [
            102.4112676,
            17.222569
          ],
          [
            102.4113348,
            17.222473
          ],
          [
            102.4114282,
            17.2223803
          ],
          [
            102.4114501,
            17.2221489
          ],
          [
            102.4114662,
            17.2220413
          ],
          [
            102.411435,
            17.2219614
          ],
          [
            102.4111391,
            17.2215939
          ],
          [
            102.4108349,
            17.2210678
          ],
          [
            102.4107633,
            17.2209866
          ],
          [
            102.4106259,
            17.2209733
          ],
          [
            102.4103609,
            17.2210358
          ],
          [
            102.4102365,
            17.2210338
          ],
          [
            102.4101335,
            17.2209743
          ],
          [
            102.4101292,
            17.2209098
          ],
          [
            102.4102466,
            17.2206205
          ],
          [
            102.4102638,
            17.2204053
          ],
          [
            102.4102187,
            17.2203151
          ],
          [
            102.41009,
            17.2202209
          ],
          [
            102.4100685,
            17.2200876
          ],
          [
            102.410223,
            17.2197249
          ],
          [
            102.4101994,
            17.2195793
          ],
          [
            102.4100492,
            17.2193846
          ],
          [
            102.4100428,
            17.2192944
          ],
          [
            102.4101822,
            17.2191858
          ],
          [
            102.4102767,
            17.2190669
          ],
          [
            102.4102702,
            17.2189645
          ],
          [
            102.410193,
            17.2188763
          ],
          [
            102.4101801,
            17.2187001
          ],
          [
            102.41012,
            17.2185914
          ],
          [
            102.4098861,
            17.2184931
          ],
          [
            102.4095557,
            17.2184234
          ],
          [
            102.4093926,
            17.2183168
          ],
          [
            102.4092574,
            17.218038
          ],
          [
            102.4091072,
            17.2179233
          ],
          [
            102.4089742,
            17.2178474
          ],
          [
            102.4089463,
            17.2177613
          ],
          [
            102.4089656,
            17.2176015
          ],
          [
            102.4089334,
            17.2174969
          ],
          [
            102.4084806,
            17.2169497
          ],
          [
            102.4084206,
            17.2168288
          ],
          [
            102.4084098,
            17.2166587
          ],
          [
            102.4083562,
            17.2165603
          ],
          [
            102.4082124,
            17.2164762
          ],
          [
            102.4081438,
            17.2163635
          ],
          [
            102.4081631,
            17.2162815
          ],
          [
            102.4082446,
            17.2161278
          ],
          [
            102.4082661,
            17.2159966
          ],
          [
            102.4081974,
            17.2158941
          ],
          [
            102.4081116,
            17.2158081
          ],
          [
            102.4081094,
            17.2157056
          ],
          [
            102.4080772,
            17.2156359
          ],
          [
            102.4079871,
            17.2155928
          ],
          [
            102.4077189,
            17.2155826
          ],
          [
            102.4076159,
            17.2155478
          ],
          [
            102.4073091,
            17.2152137
          ],
          [
            102.4072919,
            17.2150784
          ],
          [
            102.4073391,
            17.214773
          ],
          [
            102.4073026,
            17.2146685
          ],
          [
            102.4069464,
            17.2144963
          ],
          [
            102.4067125,
            17.2143016
          ],
          [
            102.4066117,
            17.2142585
          ],
          [
            102.406543,
            17.2142708
          ],
          [
            102.4065044,
            17.2143836
          ],
          [
            102.4064572,
            17.214402
          ],
          [
            102.406116,
            17.2142934
          ],
          [
            102.406013,
            17.2141909
          ],
          [
            102.4059315,
            17.2140146
          ],
          [
            102.4059207,
            17.2137912
          ],
          [
            102.4060066,
            17.2135596
          ],
          [
            102.4060795,
            17.2133813
          ]
        ]
      },
      "id": "way/310931106"
    },
    {
      "type": "Feature",
      "properties": {
        "@id": "way/318469023",
        "fixme": "Sign on river bridge near here but low res imagery prevents better location. Fix when better imagery available.",
        "layer": "-1",
        "name": "ลำน้ำฮวย",
        "name:en": "Lam Nam Huai",
        "name:th": "ลำน้ำฮวย",
        "source": "GPS, gelocated drive-by photo",
        "source:name": "sign",
        "tunnel": "culvert",
        "waterway": "stream"
      },
      "geometry": {
        "type": "LineString",
        "coordinates": [
          [
            101.93745,
            17.386891
          ],
          [
            101.9373853,
            17.3866352
          ]
        ]
      },
      "id": "way/318469023"
    },
    {
      "type": "Feature",
      "properties": {
        "@id": "way/318469024",
        "fixme": "Sign on river bridge near here but low res imagery prevents better location. Fix when better imagery available.",
        "name": "ลำน้ำฮวย",
        "name:en": "Lam Nam Huai",
        "name:th": "ลำน้ำฮวย",
        "source": "GPS, gelocated drive-by photo",
        "source:name": "sign",
        "waterway": "stream"
      },
      "geometry": {
        "type": "LineString",
        "coordinates": [
          [
            101.9373853,
            17.3866352
          ],
          [
            101.9371865,
            17.386315
          ],
          [
            101.9358621,
            17.3843349
          ]
        ]
      },
      "id": "way/318469024"
    },
    {
      "type": "Feature",
      "properties": {
        "@id": "way/318469319",
        "name": "ห้วยชีเขียว",
        "name:en": "Huai Chi Khiao",
        "name:th": "ห้วยชีเขียว",
        "note": "Stream not visible on imagery - might have been relocated into a culvert when hwy reconstructed.",
        "source": "Mapbox Satellite;GPS",
        "source:name": "sign on 210 bridge",
        "waterway": "stream"
      },
      "geometry": {
        "type": "LineString",
        "coordinates": [
          [
            102.2332143,
            17.2933344
          ],
          [
            102.2330691,
            17.2932999
          ],
          [
            102.2330378,
            17.2931276
          ],
          [
            102.2329491,
            17.2930064
          ],
          [
            102.2329116,
            17.2927582
          ],
          [
            102.2328491,
            17.292541
          ],
          [
            102.2327591,
            17.2924192
          ],
          [
            102.2326141,
            17.2922975
          ],
          [
            102.2324867,
            17.2921997
          ],
          [
            102.2323242,
            17.29214
          ],
          [
            102.2321892,
            17.2921877
          ],
          [
            102.2320517,
            17.2922665
          ],
          [
            102.2319642,
            17.292319
          ],
          [
            102.2316618,
            17.2923023
          ],
          [
            102.2316168,
            17.2922378
          ],
          [
            102.2315768,
            17.2921018
          ],
          [
            102.2314668,
            17.2918464
          ],
          [
            102.2314468,
            17.2916865
          ],
          [
            102.2313268,
            17.2915242
          ],
          [
            102.2311618,
            17.2913691
          ],
          [
            102.2310593,
            17.2912163
          ],
          [
            102.2308894,
            17.2910731
          ],
          [
            102.2307719,
            17.2909514
          ],
          [
            102.2307469,
            17.2908154
          ],
          [
            102.2307844,
            17.2906459
          ],
          [
            102.2307219,
            17.2904669
          ],
          [
            102.2305944,
            17.290369
          ],
          [
            102.2304669,
            17.2902831
          ],
          [
            102.2303344,
            17.2896697
          ],
          [
            102.2301744,
            17.2893356
          ],
          [
            102.2301894,
            17.2889441
          ],
          [
            102.2301344,
            17.288894
          ],
          [
            102.2300145,
            17.2889274
          ],
          [
            102.2298445,
            17.2890229
          ],
          [
            102.229727,
            17.2890587
          ],
          [
            102.229642,
            17.2889943
          ],
          [
            102.229472,
            17.2886625
          ],
          [
            102.2291846,
            17.2883331
          ],
          [
            102.2289746,
            17.2881398
          ],
          [
            102.2287621,
            17.2879035
          ],
          [
            102.2286421,
            17.2878176
          ],
          [
            102.2284371,
            17.28782
          ],
          [
            102.2282447,
            17.287808
          ],
          [
            102.2281872,
            17.2877054
          ],
          [
            102.2281547,
            17.2874858
          ],
          [
            102.2281972,
            17.2873307
          ],
          [
            102.2282472,
            17.2871923
          ],
          [
            102.2281947,
            17.2870825
          ],
          [
            102.2280647,
            17.2870204
          ],
          [
            102.2279747,
            17.2868796
          ],
          [
            102.2279322,
            17.2866051
          ],
          [
            102.2280522,
            17.2864237
          ],
          [
            102.2280797,
            17.2862375
          ],
          [
            102.2279247,
            17.2860275
          ],
          [
            102.2278572,
            17.2858628
          ],
          [
            102.2278722,
            17.2857602
          ],
          [
            102.2278322,
            17.2856265
          ],
          [
            102.2277247,
            17.2855024
          ],
          [
            102.2278097,
            17.2854308
          ],
          [
            102.2279747,
            17.2854571
          ],
          [
            102.2281572,
            17.2854165
          ],
          [
            102.2281747,
            17.2852757
          ],
          [
            102.2282497,
            17.2850728
          ],
          [
            102.2282472,
            17.2848699
          ],
          [
            102.2282147,
            17.2847649
          ],
          [
            102.2280297,
            17.2846432
          ],
          [
            102.2278772,
            17.2845572
          ],
          [
            102.2276397,
            17.2845071
          ],
          [
            102.2274373,
            17.2844641
          ],
          [
            102.2275198,
            17.2843543
          ],
          [
            102.2275972,
            17.2840679
          ],
          [
            102.2276097,
            17.2838889
          ],
          [
            102.2277022,
            17.2838078
          ],
          [
            102.2278397,
            17.2836956
          ],
          [
            102.2277922,
            17.2836097
          ],
          [
            102.2276372,
            17.2835142
          ],
          [
            102.2275872,
            17.2833853
          ],
          [
            102.2276597,
            17.283297
          ],
          [
            102.2279172,
            17.2832015
          ]
        ]
      },
      "id": "way/318469319"
    },
    {
      "type": "Feature",
      "properties": {
        "@id": "way/318693600",
        "note": "Actual direction of flow unknown.",
        "source": "Mapbox Satellite",
        "waterway": "stream"
      },
      "geometry": {
        "type": "LineString",
        "coordinates": [
          [
            102.2791778,
            17.3715795
          ],
          [
            102.2791381,
            17.371405
          ],
          [
            102.2793129,
            17.3712534
          ],
          [
            102.2795116,
            17.3710486
          ],
          [
            102.2794639,
            17.3708742
          ],
          [
            102.2792096,
            17.3708287
          ],
          [
            102.2789633,
            17.3707225
          ],
          [
            102.2789315,
            17.3704722
          ],
          [
            102.2790825,
            17.3703357
          ],
          [
            102.2792653,
            17.3702902
          ],
          [
            102.2794083,
            17.3702674
          ],
          [
            102.2794242,
            17.370002
          ],
          [
            102.2793368,
            17.3695773
          ],
          [
            102.2796864,
            17.3693043
          ],
          [
            102.2797579,
            17.3690236
          ],
          [
            102.2801076,
            17.3685003
          ],
          [
            102.280195,
            17.3683107
          ],
          [
            102.2802109,
            17.3681211
          ],
          [
            102.2797977,
            17.3676812
          ],
          [
            102.2797261,
            17.367522
          ],
          [
            102.2797977,
            17.367431
          ],
          [
            102.2805844,
            17.3676964
          ],
          [
            102.280942,
            17.3672869
          ],
          [
            102.2808228,
            17.3671352
          ],
          [
            102.2806082,
            17.3671124
          ],
          [
            102.2803062,
            17.3671807
          ],
          [
            102.2801712,
            17.3671503
          ],
          [
            102.2799725,
            17.3664526
          ],
          [
            102.2800361,
            17.3658838
          ],
          [
            102.2799407,
            17.365406
          ],
          [
            102.279742,
            17.3652088
          ],
          [
            102.2795434,
            17.3653074
          ],
          [
            102.2794083,
            17.3651102
          ]
        ]
      },
      "id": "way/318693600"
    },
    {
      "type": "Feature",
      "properties": {
        "@id": "way/318695328",
        "note": "Actual direction of flow unknown.",
        "source": "Mapbox Satellite",
        "waterway": "stream"
      },
      "geometry": {
        "type": "LineString",
        "coordinates": [
          [
            102.2682779,
            17.3672052
          ],
          [
            102.2678094,
            17.3673016
          ],
          [
            102.2675186,
            17.3673075
          ],
          [
            102.2674237,
            17.3672519
          ]
        ]
      },
      "id": "way/318695328"
    },
    {
      "type": "Feature",
      "properties": {
        "@id": "way/318695329",
        "note": "Actual direction of flow unknown.",
        "source": "Bing",
        "waterway": "river"
      },
      "geometry": {
        "type": "LineString",
        "coordinates": [
          [
            102.2524376,
            17.3466756
          ],
          [
            102.2526844,
            17.3470955
          ],
          [
            102.2529204,
            17.3471877
          ],
          [
            102.2532423,
            17.3471262
          ],
          [
            102.2535427,
            17.3472287
          ],
          [
            102.2536607,
            17.3474744
          ],
          [
            102.2535748,
            17.3479558
          ],
          [
            102.2536821,
            17.3485395
          ],
          [
            102.2539182,
            17.3488877
          ],
          [
            102.2541864,
            17.3492768
          ],
          [
            102.2549267,
            17.349584
          ],
          [
            102.2552164,
            17.3495533
          ],
          [
            102.2553451,
            17.3493485
          ],
          [
            102.2552915,
            17.349113
          ],
          [
            102.2550742,
            17.3489809
          ],
          [
            102.2551305,
            17.3488057
          ],
          [
            102.2554095,
            17.3487443
          ],
          [
            102.2559245,
            17.3485804
          ],
          [
            102.2563107,
            17.3486419
          ],
          [
            102.2564073,
            17.3487853
          ],
          [
            102.2562892,
            17.3491642
          ],
          [
            102.2563402,
            17.3492881
          ],
          [
            102.2566218,
            17.3494919
          ],
          [
            102.2567054,
            17.3497166
          ],
          [
            102.2567054,
            17.3502251
          ],
          [
            102.2567299,
            17.3504472
          ],
          [
            102.2570483,
            17.350605
          ],
          [
            102.2571524,
            17.350757
          ],
          [
            102.257036,
            17.3509674
          ],
          [
            102.2569135,
            17.3511661
          ],
          [
            102.256938,
            17.351359
          ],
          [
            102.2571585,
            17.3514116
          ],
          [
            102.25763,
            17.3514233
          ],
          [
            102.2578933,
            17.3515635
          ],
          [
            102.2580463,
            17.3517973
          ],
          [
            102.2581504,
            17.3519902
          ],
          [
            102.2584199,
            17.3520428
          ],
          [
            102.2586342,
            17.3519551
          ],
          [
            102.2587383,
            17.3515226
          ],
          [
            102.2593077,
            17.3513999
          ],
          [
            102.2596568,
            17.3512772
          ],
          [
            102.2601466,
            17.3508505
          ],
          [
            102.2603854,
            17.3507395
          ],
          [
            102.2607589,
            17.350605
          ],
          [
            102.2609855,
            17.350342
          ],
          [
            102.2613162,
            17.350079
          ],
          [
            102.2617203,
            17.3500089
          ],
          [
            102.2620448,
            17.3499329
          ],
          [
            102.2623755,
            17.3500673
          ],
          [
            102.2629511,
            17.3504414
          ],
          [
            102.2636858,
            17.3509031
          ],
          [
            102.2642308,
            17.3511778
          ],
          [
            102.2645247,
            17.3511953
          ],
          [
            102.2649044,
            17.351131
          ],
          [
            102.2651983,
            17.351096
          ],
          [
            102.265333,
            17.3512479
          ],
          [
            102.2656085,
            17.3513181
          ],
          [
            102.2656943,
            17.3514642
          ],
          [
            102.2656147,
            17.3515811
          ],
          [
            102.2652963,
            17.3517389
          ],
          [
            102.2654555,
            17.3519902
          ],
          [
            102.2656759,
            17.3520253
          ],
          [
            102.2660433,
            17.3519551
          ]
        ]
      },
      "id": "way/318695329"
    },
    {
      "type": "Feature",
      "properties": {
        "@id": "way/318703141",
        "name": "ห้วยพะเนียง",
        "name:en": "Huai Phaniang",
        "name:th": "ห้วยพะเนียง",
        "note": "Actual direction of flow unknown.",
        "source": "Mapbox Satellite;GPS",
        "source:name": "sign",
        "waterway": "stream"
      },
      "geometry": {
        "type": "LineString",
        "coordinates": [
          [
            102.0892882,
            17.3236808
          ],
          [
            102.0890845,
            17.3238753
          ],
          [
            102.0888617,
            17.3239543
          ],
          [
            102.0887471,
            17.3238631
          ],
          [
            102.0886707,
            17.3236504
          ],
          [
            102.088607,
            17.3232797
          ],
          [
            102.0887152,
            17.3230548
          ],
          [
            102.0888489,
            17.322909
          ],
          [
            102.0890017,
            17.3228543
          ],
          [
            102.0891991,
            17.3228968
          ],
          [
            102.0894091,
            17.3228725
          ],
          [
            102.0894792,
            17.3226902
          ],
          [
            102.0893964,
            17.3225018
          ],
          [
            102.0892436,
            17.3223742
          ],
          [
            102.088989,
            17.3219366
          ],
          [
            102.088486,
            17.3212984
          ],
          [
            102.0884733,
            17.3211647
          ],
          [
            102.0885433,
            17.3210675
          ],
          [
            102.0886579,
            17.3209277
          ],
          [
            102.0885752,
            17.3208122
          ],
          [
            102.0882441,
            17.3208062
          ],
          [
            102.0881104,
            17.3209095
          ],
          [
            102.0880531,
            17.3212012
          ],
          [
            102.0879131,
            17.3213106
          ],
          [
            102.0877603,
            17.3212863
          ],
          [
            102.0876712,
            17.3210189
          ],
          [
            102.0877667,
            17.3203139
          ],
          [
            102.0878558,
            17.3201073
          ],
          [
            102.0879704,
            17.3200526
          ],
          [
            102.0881741,
            17.3201559
          ],
          [
            102.0883269,
            17.3202349
          ],
          [
            102.0884733,
            17.3200829
          ],
          [
            102.0883906,
            17.3198155
          ],
          [
            102.0883014,
            17.3196211
          ],
          [
            102.0882887,
            17.3193476
          ],
          [
            102.088346,
            17.3192746
          ],
          [
            102.088486,
            17.319226
          ],
          [
            102.0886707,
            17.3191774
          ],
          [
            102.0886834,
            17.3190801
          ],
          [
            102.0885943,
            17.3188857
          ],
          [
            102.0884224,
            17.3188796
          ],
          [
            102.0882378,
            17.3188978
          ],
          [
            102.0882314,
            17.3187763
          ],
          [
            102.0883587,
            17.3186486
          ],
          [
            102.0886197,
            17.3185636
          ],
          [
            102.0888362,
            17.3185636
          ],
          [
            102.0889953,
            17.3185028
          ],
          [
            102.0890017,
            17.3183569
          ],
          [
            102.0887789,
            17.3181685
          ],
          [
            102.0884606,
            17.3180105
          ],
          [
            102.0883969,
            17.3177188
          ],
          [
            102.0883842,
            17.3171718
          ],
          [
            102.0884351,
            17.3168557
          ],
          [
            102.0886707,
            17.3167646
          ],
          [
            102.088868,
            17.3167646
          ],
          [
            102.0890272,
            17.3167889
          ],
          [
            102.0892118,
            17.3166977
          ],
          [
            102.0892118,
            17.316485
          ],
          [
            102.0891545,
            17.3162115
          ],
          [
            102.0890399,
            17.3159016
          ],
          [
            102.0888044,
            17.3158286
          ],
          [
            102.0886261,
            17.3159076
          ],
          [
            102.0884268,
            17.3158997
          ],
          [
            102.0883468,
            17.315739
          ],
          [
            102.0884141,
            17.3155421
          ],
          [
            102.0886793,
            17.31553
          ],
          [
            102.0888687,
            17.3154657
          ],
          [
            102.0889024,
            17.3153251
          ],
          [
            102.0887972,
            17.3152046
          ],
          [
            102.088553,
            17.3151523
          ],
          [
            102.088351,
            17.3150679
          ],
          [
            102.08833,
            17.3148751
          ],
          [
            102.0884099,
            17.3146982
          ],
          [
            102.0887593,
            17.314638
          ],
          [
            102.088995,
            17.3147143
          ],
          [
            102.0892223,
            17.3147103
          ],
          [
            102.0894285,
            17.3145415
          ],
          [
            102.089458,
            17.3143125
          ],
          [
            102.0892391,
            17.3138142
          ],
          [
            102.0891002,
            17.3136776
          ],
          [
            102.0888687,
            17.3137097
          ],
          [
            102.0887929,
            17.3139629
          ],
          [
            102.0888392,
            17.3142522
          ],
          [
            102.0887593,
            17.3143848
          ],
          [
            102.0884604,
            17.3144009
          ],
          [
            102.0881658,
            17.3142803
          ],
          [
            102.0880059,
            17.3140674
          ],
          [
            102.0880774,
            17.31377
          ],
          [
            102.0883468,
            17.3134244
          ],
          [
            102.0885404,
            17.313111
          ],
          [
            102.0889276,
            17.3128779
          ],
          [
            102.0897484,
            17.3126007
          ],
          [
            102.0902409,
            17.3125364
          ],
          [
            102.0904134,
            17.3124681
          ],
          [
            102.090485,
            17.3123114
          ],
          [
            102.0904261,
            17.3119457
          ],
          [
            102.0904597,
            17.3117247
          ],
          [
            102.0905607,
            17.3116443
          ],
          [
            102.0907712,
            17.3116604
          ],
          [
            102.0909227,
            17.3117769
          ],
          [
            102.0910237,
            17.3118693
          ],
          [
            102.0911879,
            17.3118211
          ],
          [
            102.0912931,
            17.3116564
          ],
          [
            102.0912552,
            17.3113751
          ],
          [
            102.0914236,
            17.3111902
          ],
          [
            102.0916509,
            17.3110857
          ],
          [
            102.0920255,
            17.3111902
          ],
          [
            102.0923243,
            17.3112867
          ],
          [
            102.0925222,
            17.3112465
          ],
          [
            102.0925643,
            17.3110697
          ],
          [
            102.0924885,
            17.3109531
          ],
          [
            102.0925095,
            17.3108286
          ],
          [
            102.0928252,
            17.3105955
          ],
          [
            102.0932082,
            17.3104026
          ],
          [
            102.093486,
            17.3103584
          ],
          [
            102.093667,
            17.3104549
          ],
          [
            102.0938648,
            17.310708
          ],
          [
            102.0940543,
            17.3107844
          ],
          [
            102.0943573,
            17.3106879
          ],
          [
            102.0945888,
            17.3106598
          ],
          [
            102.0948624,
            17.3106919
          ],
          [
            102.095035,
            17.3106678
          ],
          [
            102.0951612,
            17.3105473
          ],
          [
            102.0951486,
            17.3104388
          ],
          [
            102.094976,
            17.3103584
          ],
          [
            102.0946814,
            17.3102379
          ],
          [
            102.0943278,
            17.3101937
          ],
          [
            102.0940669,
            17.3101414
          ],
          [
            102.0939743,
            17.310057
          ],
          [
            102.0939827,
            17.3099164
          ],
          [
            102.0940921,
            17.30982
          ],
          [
            102.0943784,
            17.3096914
          ],
          [
            102.0946267,
            17.3094462
          ],
          [
            102.0949718,
            17.3091007
          ],
          [
            102.0951528,
            17.308964
          ],
          [
            102.0953506,
            17.3089359
          ],
          [
            102.0954517,
            17.3089962
          ],
          [
            102.0955106,
            17.3092132
          ],
          [
            102.095498,
            17.3094061
          ],
          [
            102.0953296,
            17.3096753
          ],
          [
            102.0952538,
            17.3097958
          ],
          [
            102.0952791,
            17.3099244
          ],
          [
            102.0954054,
            17.3099566
          ],
          [
            102.0955022,
            17.3099164
          ],
          [
            102.095721,
            17.309619
          ],
          [
            102.0958431,
            17.3093458
          ],
          [
            102.0959357,
            17.3090323
          ],
          [
            102.0961041,
            17.3089158
          ],
          [
            102.0965418,
            17.3086868
          ],
          [
            102.0968912,
            17.3086024
          ],
          [
            102.0972742,
            17.3085541
          ],
          [
            102.097472,
            17.308526
          ],
          [
            102.0975983,
            17.3084537
          ],
          [
            102.0976151,
            17.3083572
          ],
          [
            102.0974888,
            17.3081804
          ],
          [
            102.0973247,
            17.30808
          ],
          [
            102.0973289,
            17.3079313
          ],
          [
            102.097451,
            17.3078549
          ],
          [
            102.0977161,
            17.3079755
          ],
          [
            102.0984106,
            17.3086787
          ],
          [
            102.0985579,
            17.3089279
          ],
          [
            102.0986758,
            17.3089761
          ],
          [
            102.0987684,
            17.308952
          ],
          [
            102.0988147,
            17.3088475
          ],
          [
            102.0987852,
            17.30853
          ],
          [
            102.0988399,
            17.3084055
          ],
          [
            102.0989494,
            17.3084135
          ],
          [
            102.0990293,
            17.3084979
          ],
          [
            102.0990756,
            17.3088716
          ],
          [
            102.0990251,
            17.3091288
          ],
          [
            102.0989283,
            17.3092252
          ],
          [
            102.0987095,
            17.3093779
          ],
          [
            102.0986674,
            17.309615
          ],
          [
            102.0988484,
            17.3098441
          ],
          [
            102.0992482,
            17.3100932
          ],
          [
            102.099808,
            17.3103825
          ],
          [
            102.1000395,
            17.3103584
          ],
          [
            102.1002079,
            17.3102379
          ],
          [
            102.1001953,
            17.3099244
          ],
          [
            102.1001237,
            17.3096472
          ],
          [
            102.1001784,
            17.3094181
          ],
          [
            102.1003762,
            17.3092333
          ],
          [
            102.1005194,
            17.3092614
          ],
          [
            102.1007551,
            17.3094945
          ],
          [
            102.1008897,
            17.3097034
          ],
          [
            102.100995,
            17.3097476
          ],
          [
            102.1011297,
            17.3096552
          ],
          [
            102.1010455,
            17.3094101
          ],
          [
            102.100894,
            17.3090806
          ],
          [
            102.1004731,
            17.3088073
          ],
          [
            102.1004352,
            17.3086425
          ],
          [
            102.1005699,
            17.3084416
          ],
          [
            102.1010497,
            17.3083613
          ],
          [
            102.101378,
            17.3080358
          ],
          [
            102.1019041,
            17.3082528
          ],
          [
            102.1021861,
            17.3081443
          ],
          [
            102.1023166,
            17.3077625
          ],
          [
            102.1025902,
            17.3076178
          ],
          [
            102.1030279,
            17.3076138
          ],
          [
            102.1032962,
            17.3077607
          ],
          [
            102.1033803,
            17.3079983
          ],
          [
            102.103535,
            17.3081523
          ],
          [
            102.1036964,
            17.3082037
          ],
          [
            102.1038241,
            17.3080785
          ],
          [
            102.1038241,
            17.3078377
          ],
          [
            102.1038779,
            17.3076997
          ],
          [
            102.1040091,
            17.3076805
          ],
          [
            102.1042276,
            17.3079373
          ],
          [
            102.1044764,
            17.308162
          ],
          [
            102.1047925,
            17.3081235
          ],
          [
            102.1049707,
            17.308101
          ],
          [
            102.1051556,
            17.3081877
          ],
          [
            102.1053675,
            17.3083482
          ],
          [
            102.1055188,
            17.3083096
          ],
          [
            102.1055659,
            17.3080881
          ],
          [
            102.1056163,
            17.3079629
          ],
          [
            102.1058281,
            17.3080047
          ],
          [
            102.1059895,
            17.3083225
          ],
          [
            102.1061375,
            17.3086628
          ],
          [
            102.1060803,
            17.3088168
          ],
          [
            102.1058012,
            17.308987
          ],
          [
            102.1057407,
            17.3090993
          ],
          [
            102.1057844,
            17.3093208
          ],
          [
            102.1060433,
            17.3095038
          ],
          [
            102.1062585,
            17.3096739
          ],
          [
            102.1064132,
            17.3098794
          ],
          [
            102.1065342,
            17.3099372
          ],
          [
            102.1067427,
            17.3098698
          ],
          [
            102.1069007,
            17.3097446
          ],
          [
            102.1070621,
            17.3096451
          ],
          [
            102.1072336,
            17.3096996
          ],
          [
            102.1074118,
            17.3098633
          ],
          [
            102.1074118,
            17.3100399
          ],
          [
            102.1072841,
            17.3101683
          ],
          [
            102.1070319,
            17.3102646
          ],
          [
            102.1068167,
            17.3103449
          ],
          [
            102.1067595,
            17.3104765
          ],
          [
            102.1067965,
            17.310653
          ],
          [
            102.1069713,
            17.3107525
          ],
          [
            102.1071596,
            17.3108168
          ],
          [
            102.1073715,
            17.3108296
          ],
          [
            102.1075295,
            17.3107269
          ],
          [
            102.1076068,
            17.3104765
          ],
          [
            102.1077783,
            17.3101683
          ],
          [
            102.1078994,
            17.3098569
          ],
          [
            102.1081078,
            17.3095552
          ],
          [
            102.1082255,
            17.3095134
          ],
          [
            102.1084138,
            17.3096065
          ],
          [
            102.1085584,
            17.3095423
          ],
          [
            102.1086223,
            17.3093144
          ],
          [
            102.108703,
            17.3090095
          ],
          [
            102.1088812,
            17.3087847
          ],
          [
            102.1090762,
            17.3087045
          ],
          [
            102.1092578,
            17.3088168
          ],
          [
            102.109399,
            17.3090062
          ],
          [
            102.1095604,
            17.3092438
          ],
          [
            102.1096983,
            17.3093048
          ],
          [
            102.1097924,
            17.3091667
          ],
          [
            102.1097453,
            17.3089838
          ],
          [
            102.1096209,
            17.3087687
          ],
          [
            102.1095645,
            17.308448
          ]
        ]
      },
      "id": "way/318703141"
    },
    {
      "type": "Feature",
      "properties": {
        "@id": "way/318703143",
        "note": "Actual direction of flow unknown.",
        "source": "Bing",
        "waterway": "stream"
      },
      "geometry": {
        "type": "LineString",
        "coordinates": [
          [
            102.0862197,
            17.3249279
          ],
          [
            102.0862642,
            17.3246897
          ],
          [
            102.0863852,
            17.3242642
          ],
          [
            102.0864107,
            17.3238935
          ],
          [
            102.086347,
            17.3235289
          ],
          [
            102.0864807,
            17.3231278
          ],
          [
            102.0865953,
            17.3228057
          ],
          [
            102.0866154,
            17.3227602
          ]
        ]
      },
      "id": "way/318703143"
    },
    {
      "type": "Feature",
      "properties": {
        "@id": "way/318703904",
        "name": "ห้วยบง",
        "name:en": "Huai Bong",
        "name:th": "ห้วยบง",
        "note": "Actual direction of flow unknown.",
        "source": "Bing",
        "waterway": "stream"
      },
      "geometry": {
        "type": "LineString",
        "coordinates": [
          [
            101.8792087,
            17.3126314
          ],
          [
            101.8794876,
            17.3128875
          ],
          [
            101.8798417,
            17.3129336
          ],
          [
            101.8803406,
            17.3128619
          ],
          [
            101.8812257,
            17.3127082
          ],
          [
            101.8816119,
            17.3126058
          ],
          [
            101.8819445,
            17.3126416
          ],
          [
            101.8822932,
            17.3126672
          ],
          [
            101.8825453,
            17.3125597
          ],
          [
            101.8824863,
            17.3122678
          ],
          [
            101.8824273,
            17.3120885
          ],
          [
            101.8826258,
            17.3119195
          ],
          [
            101.8827331,
            17.3119195
          ],
          [
            101.8827707,
            17.3120783
          ],
          [
            101.8828082,
            17.3122883
          ],
          [
            101.8829477,
            17.3122985
          ],
          [
            101.8831783,
            17.3120527
          ],
          [
            101.88357,
            17.31194
          ],
          [
            101.8841332,
            17.311899
          ],
          [
            101.8842941,
            17.3119195
          ],
          [
            101.884439,
            17.3124419
          ],
          [
            101.8845463,
            17.3125239
          ],
          [
            101.8847072,
            17.3124624
          ],
          [
            101.8848038,
            17.3122371
          ],
          [
            101.8850291,
            17.3119963
          ],
          [
            101.8854314,
            17.3118632
          ],
          [
            101.8856406,
            17.3118888
          ],
          [
            101.8858606,
            17.3120988
          ],
          [
            101.886118,
            17.312191
          ],
          [
            101.8864882,
            17.3119093
          ],
          [
            101.8867832,
            17.3117966
          ],
          [
            101.8870944,
            17.3117249
          ],
          [
            101.887325,
            17.3118837
          ],
          [
            101.8871158,
            17.3122422
          ],
          [
            101.8872821,
            17.3124829
          ],
          [
            101.8875664,
            17.311981
          ],
          [
            101.8876469,
            17.3122575
          ],
          [
            101.8876523,
            17.3124265
          ],
          [
            101.8877488,
            17.3124726
          ],
          [
            101.8879366,
            17.3123241
          ],
          [
            101.8881941,
            17.3120885
          ],
          [
            101.8884891,
            17.3119707
          ],
          [
            101.8886179,
            17.312109
          ],
          [
            101.8889236,
            17.3122627
          ],
          [
            101.889503,
            17.312191
          ],
          [
            101.8896747,
            17.3120834
          ],
          [
            101.8897712,
            17.3116532
          ],
          [
            101.8898785,
            17.3114637
          ],
          [
            101.8900824,
            17.3113203
          ],
          [
            101.8902111,
            17.3113203
          ],
          [
            101.8903452,
            17.3114279
          ],
          [
            101.8904149,
            17.3116942
          ],
          [
            101.8905169,
            17.3120373
          ],
          [
            101.8906617,
            17.3123139
          ],
          [
            101.8909031,
            17.312488
          ],
          [
            101.8913215,
            17.3125495
          ],
          [
            101.8916863,
            17.3124931
          ],
          [
            101.8917668,
            17.3124112
          ],
          [
            101.8918633,
            17.31215
          ],
          [
            101.8921316,
            17.3120424
          ],
          [
            101.892389,
            17.3120681
          ],
          [
            101.892904,
            17.3125699
          ],
          [
            101.8932044,
            17.312529
          ],
          [
            101.8934727,
            17.3122832
          ],
          [
            101.8935799,
            17.3118222
          ],
          [
            101.8934619,
            17.311474
          ],
          [
            101.8943125,
            17.3114676
          ],
          [
            101.895592,
            17.3108661
          ],
          [
            101.8967075,
            17.3102865
          ],
          [
            101.897276,
            17.3099657
          ],
          [
            101.8976531,
            17.3096336
          ],
          [
            101.8978876,
            17.3094868
          ],
          [
            101.8982041,
            17.3095176
          ],
          [
            101.8986601,
            17.3095944
          ],
          [
            101.8989605,
            17.3096968
          ],
          [
            101.8992341,
            17.3097583
          ],
          [
            101.899454,
            17.3096302
          ],
          [
            101.8997276,
            17.3093844
          ],
          [
            101.900087,
            17.3093486
          ],
          [
            101.9004303,
            17.309323
          ],
          [
            101.9005752,
            17.3094049
          ],
          [
            101.9006664,
            17.309661
          ],
          [
            101.9007093,
            17.3099222
          ],
          [
            101.9007468,
            17.3101885
          ],
          [
            101.9012457,
            17.3102243
          ],
          [
            101.901707,
            17.3102141
          ],
          [
            101.9019377,
            17.3102602
          ],
          [
            101.9023883,
            17.3104343
          ],
          [
            101.9026673,
            17.3105316
          ],
          [
            101.9030589,
            17.3104804
          ],
          [
            101.9035256,
            17.3104906
          ],
          [
            101.9041532,
            17.3106545
          ],
          [
            101.9047379,
            17.311223
          ],
          [
            101.904974,
            17.3113818
          ],
          [
            101.9058698,
            17.3113818
          ],
          [
            101.9065994,
            17.3114535
          ],
          [
            101.9072539,
            17.3114996
          ]
        ]
      },
      "id": "way/318703904"
    },
    {
      "type": "Feature",
      "properties": {
        "@id": "way/383765251",
        "source": "Mapbox",
        "waterway": "stream"
      },
      "geometry": {
        "type": "LineString",
        "coordinates": [
          [
            102.3558744,
            17.3341812
          ],
          [
            102.3557537,
            17.3345474
          ],
          [
            102.355692,
            17.3346216
          ],
          [
            102.3554882,
            17.3345909
          ],
          [
            102.3552628,
            17.3346216
          ],
          [
            102.355177,
            17.3347957
          ],
          [
            102.3552521,
            17.3357892
          ],
          [
            102.3551556,
            17.3358813
          ],
          [
            102.3547371,
            17.3358916
          ],
          [
            102.3546191,
            17.3360145
          ],
          [
            102.3546513,
            17.3365266
          ],
          [
            102.3549303,
            17.3375507
          ],
          [
            102.355177,
            17.3381037
          ],
          [
            102.3553567,
            17.3395349
          ]
        ]
      },
      "id": "way/383765251"
    },
    {
      "type": "Feature",
      "properties": {
        "@id": "way/383765260",
        "source": "Mapbox",
        "waterway": "stream"
      },
      "geometry": {
        "type": "LineString",
        "coordinates": [
          [
            102.3529132,
            17.3426918
          ],
          [
            102.3533209,
            17.3426611
          ],
          [
            102.3535221,
            17.3424742
          ],
          [
            102.3538037,
            17.3423436
          ],
          [
            102.3541015,
            17.3421669
          ],
          [
            102.3541363,
            17.3419339
          ],
          [
            102.3539968,
            17.3418725
          ],
          [
            102.3538145,
            17.3417803
          ],
          [
            102.3538252,
            17.3416267
          ],
          [
            102.3539217,
            17.3414833
          ],
          [
            102.3542007,
            17.3413809
          ],
          [
            102.3544153,
            17.3412068
          ],
          [
            102.3544191,
            17.340929
          ]
        ]
      },
      "id": "way/383765260"
    },
    {
      "type": "Feature",
      "properties": {
        "@id": "way/461505827",
        "source": "Landsat",
        "waterway": "river"
      },
      "geometry": {
        "type": "LineString",
        "coordinates": [
          [
            102.4542046,
            17.1132711
          ],
          [
            102.4538613,
            17.1124713
          ],
          [
            102.4535072,
            17.1121755
          ],
          [
            102.4532604,
            17.1122985
          ],
          [
            102.4530529,
            17.1122092
          ],
          [
            102.4514703,
            17.1101975
          ],
          [
            102.4515653,
            17.1082008
          ],
          [
            102.4524199,
            17.1078227
          ],
          [
            102.4513437,
            17.106537
          ],
          [
            102.4523724,
            17.1064613
          ],
          [
            102.4524515,
            17.1056294
          ],
          [
            102.4537493,
            17.1055084
          ],
          [
            102.4540007,
            17.1041181
          ],
          [
            102.4529188,
            17.1024194
          ],
          [
            102.4529574,
            17.1002612
          ],
          [
            102.4539466,
            17.1001855
          ],
          [
            102.4539861,
            17.0995048
          ],
          [
            102.4534124,
            17.0993914
          ],
          [
            102.453452,
            17.0989376
          ],
          [
            102.4550149,
            17.0988241
          ],
          [
            102.4527596,
            17.0963282
          ]
        ]
      },
      "id": "way/461505827"
    },
    {
      "type": "Feature",
      "properties": {
        "@id": "way/467665067",
        "source:position": "Bing",
        "waterway": "stream"
      },
      "geometry": {
        "type": "LineString",
        "coordinates": [
          [
            102.2200172,
            17.1488962
          ],
          [
            102.2206621,
            17.1483486
          ],
          [
            102.2208445,
            17.1482102
          ],
          [
            102.2211851,
            17.1481512
          ],
          [
            102.2215982,
            17.1481333
          ],
          [
            102.2217994,
            17.1480846
          ],
          [
            102.2219093,
            17.1478898
          ],
          [
            102.2221427,
            17.1474208
          ],
          [
            102.2223519,
            17.1471312
          ],
          [
            102.2225557,
            17.1469159
          ],
          [
            102.2226121,
            17.1468313
          ],
          [
            102.2225879,
            17.1466288
          ],
          [
            102.2226013,
            17.1464597
          ],
          [
            102.2228213,
            17.1462444
          ],
          [
            102.2228803,
            17.1461495
          ],
          [
            102.2230037,
            17.145924
          ],
          [
            102.2233524,
            17.1456139
          ],
          [
            102.2235347,
            17.1452909
          ],
          [
            102.2236098,
            17.1450756
          ],
          [
            102.2235589,
            17.1448962
          ],
          [
            102.2233765,
            17.1446937
          ],
          [
            102.2234006,
            17.1444528
          ],
          [
            102.2235696,
            17.144276
          ],
          [
            102.2237815,
            17.1442606
          ],
          [
            102.2240283,
            17.144299
          ],
          [
            102.2242402,
            17.1442888
          ],
          [
            102.2244494,
            17.1441043
          ],
          [
            102.2244574,
            17.1438941
          ],
          [
            102.2243126,
            17.1437711
          ],
          [
            102.2240363,
            17.1436993
          ],
          [
            102.2239773,
            17.1435763
          ],
          [
            102.2239854,
            17.1432405
          ],
          [
            102.2241758,
            17.1429227
          ],
          [
            102.2243475,
            17.1428227
          ],
          [
            102.2245245,
            17.1428714
          ],
          [
            102.2246157,
            17.1431098
          ],
          [
            102.2246908,
            17.1433738
          ],
          [
            102.2248866,
            17.1435071
          ],
          [
            102.2252353,
            17.143584
          ],
          [
            102.2254284,
            17.1437429
          ],
          [
            102.2255518,
            17.1439761
          ],
          [
            102.2257368,
            17.1441504
          ],
          [
            102.2259407,
            17.1442452
          ],
          [
            102.2261606,
            17.1441914
          ],
          [
            102.2263001,
            17.1440376
          ],
          [
            102.2263081,
            17.1438531
          ],
          [
            102.2261338,
            17.143584
          ],
          [
            102.2260131,
            17.1434045
          ],
          [
            102.2260721,
            17.1431995
          ],
          [
            102.2264235,
            17.1422563
          ],
          [
            102.2266702,
            17.141531
          ],
          [
            102.227027,
            17.1413951
          ],
          [
            102.2273408,
            17.1414387
          ],
          [
            102.2274937,
            17.1414976
          ]
        ]
      },
      "id": "way/467665067"
    },
    {
      "type": "Feature",
      "properties": {
        "@id": "way/467669965",
        "source:position": "Bing",
        "waterway": "river"
      },
      "geometry": {
        "type": "LineString",
        "coordinates": [
          [
            102.123386,
            17.0471142
          ],
          [
            102.1237347,
            17.0468065
          ],
          [
            102.1242819,
            17.0465244
          ],
          [
            102.1250436,
            17.0461449
          ],
          [
            102.125446,
            17.0458371
          ],
          [
            102.1257249,
            17.0456063
          ],
          [
            102.1258054,
            17.0454268
          ],
          [
            102.1257249,
            17.0450935
          ],
          [
            102.1254835,
            17.0449447
          ],
          [
            102.1250973,
            17.0449652
          ],
          [
            102.1249846,
            17.0448473
          ],
          [
            102.1249954,
            17.0446473
          ],
          [
            102.1251295,
            17.044519
          ],
          [
            102.125328,
            17.0444883
          ],
          [
            102.1256659,
            17.0444883
          ],
          [
            102.125859,
            17.0444062
          ],
          [
            102.1259288,
            17.0442472
          ],
          [
            102.1256552,
            17.0441292
          ],
          [
            102.1252046,
            17.0440626
          ],
          [
            102.1249525,
            17.0440369
          ],
          [
            102.1248827,
            17.0438369
          ],
          [
            102.1249471,
            17.0431189
          ],
          [
            102.1250329,
            17.0425701
          ],
          [
            102.1250544,
            17.0421546
          ]
        ]
      },
      "id": "way/467669965"
    },
    {
      "type": "Feature",
      "properties": {
        "@id": "way/467669975",
        "source:position": "Bing",
        "waterway": "river"
      },
      "geometry": {
        "type": "LineString",
        "coordinates": [
          [
            102.2038241,
            17.1137562
          ],
          [
            102.2037839,
            17.1135999
          ],
          [
            102.2038027,
            17.1135281
          ],
          [
            102.203918,
            17.1134537
          ],
          [
            102.2039663,
            17.1133076
          ],
          [
            102.2040038,
            17.1131231
          ],
          [
            102.2040548,
            17.1130154
          ],
          [
            102.204213,
            17.1128385
          ],
          [
            102.2042667,
            17.1126078
          ],
          [
            102.2043686,
            17.1124053
          ],
          [
            102.2047522,
            17.1120567
          ],
          [
            102.2050553,
            17.1117413
          ],
          [
            102.2050874,
            17.111626
          ],
          [
            102.2050257,
            17.1115183
          ],
          [
            102.2047468,
            17.1113389
          ],
          [
            102.2046878,
            17.1112697
          ],
          [
            102.2047307,
            17.111162
          ],
          [
            102.204956,
            17.1109954
          ],
          [
            102.2052323,
            17.1108057
          ],
          [
            102.2056266,
            17.1105442
          ],
          [
            102.2058599,
            17.1105083
          ],
          [
            102.2060879,
            17.1104263
          ],
          [
            102.2062488,
            17.1103776
          ],
          [
            102.206442,
            17.1103622
          ],
          [
            102.2066217,
            17.1103878
          ],
          [
            102.2068872,
            17.1103212
          ],
          [
            102.2073244,
            17.1103878
          ],
          [
            102.2077884,
            17.1104288
          ],
          [
            102.20829,
            17.1103724
          ],
          [
            102.2087406,
            17.1102315
          ],
          [
            102.2091161,
            17.1100853
          ],
          [
            102.2092395,
            17.1098597
          ],
          [
            102.2092717,
            17.1096649
          ],
          [
            102.2092851,
            17.1094393
          ],
          [
            102.209446,
            17.1090856
          ],
          [
            102.2098886,
            17.1081601
          ],
          [
            102.210197,
            17.107509
          ],
          [
            102.2105699,
            17.1070194
          ],
          [
            102.2108864,
            17.1064503
          ],
          [
            102.2108998,
            17.1062682
          ],
          [
            102.2107979,
            17.1061067
          ],
          [
            102.2108569,
            17.1059196
          ],
          [
            102.2109963,
            17.1057965
          ],
          [
            102.2112941,
            17.1056863
          ],
          [
            102.2113866,
            17.1057017
          ],
          [
            102.2117246,
            17.1055786
          ],
          [
            102.2119713,
            17.1054095
          ],
          [
            102.2120893,
            17.1052197
          ],
          [
            102.2122127,
            17.1051634
          ],
          [
            102.2125185,
            17.1050557
          ],
          [
            102.2126526,
            17.1049634
          ],
          [
            102.2126526,
            17.1046609
          ],
          [
            102.2124273,
            17.1044456
          ],
          [
            102.212379,
            17.1042661
          ],
          [
            102.212717,
            17.1042815
          ],
          [
            102.2130093,
            17.1040636
          ],
          [
            102.2133017,
            17.1038431
          ],
          [
            102.2135377,
            17.1037226
          ],
          [
            102.2138221,
            17.1035868
          ],
          [
            102.2139964,
            17.1034919
          ],
          [
            102.2140715,
            17.1034278
          ],
          [
            102.2140769,
            17.1033355
          ],
          [
            102.2140286,
            17.1032048
          ],
          [
            102.213991,
            17.1030817
          ],
          [
            102.2139481,
            17.1029638
          ],
          [
            102.2141386,
            17.1028254
          ],
          [
            102.2142432,
            17.1027382
          ],
          [
            102.2142914,
            17.1025331
          ],
          [
            102.2144095,
            17.1024383
          ],
          [
            102.2147394,
            17.1021922
          ],
          [
            102.214911,
            17.1020332
          ],
          [
            102.2151712,
            17.1018281
          ],
          [
            102.2157264,
            17.1015051
          ],
          [
            102.2159088,
            17.1013539
          ],
          [
            102.2162548,
            17.1010283
          ],
          [
            102.2163085,
            17.1008668
          ],
          [
            102.2161985,
            17.1006258
          ],
          [
            102.2160563,
            17.100272
          ],
          [
            102.2158203,
            17.1000567
          ],
          [
            102.215603,
            17.0998157
          ],
          [
            102.2154153,
            17.0994311
          ],
          [
            102.2153724,
            17.099244
          ],
          [
            102.2155065,
            17.0989543
          ],
          [
            102.2156862,
            17.0987466
          ],
          [
            102.2159142,
            17.0986954
          ],
          [
            102.2161904,
            17.0987748
          ],
          [
            102.2164184,
            17.0988774
          ],
          [
            102.2167269,
            17.0989543
          ],
          [
            102.2169844,
            17.0987646
          ]
        ]
      },
      "id": "way/467669975"
    },
    {
      "type": "Feature",
      "properties": {
        "@id": "way/468198959",
        "note": "Actual direction of flow unknown.",
        "waterway": "stream"
      },
      "geometry": {
        "type": "LineString",
        "coordinates": [
          [
            102.1007852,
            17.0887277
          ],
          [
            102.1009766,
            17.0885187
          ],
          [
            102.1009985,
            17.088179
          ],
          [
            102.1011297,
            17.0880274
          ],
          [
            102.1012281,
            17.0878863
          ],
          [
            102.1011406,
            17.0877347
          ],
          [
            102.1009383,
            17.0877713
          ],
          [
            102.1006649,
            17.0878027
          ],
          [
            102.1004298,
            17.0877609
          ],
          [
            102.1001127,
            17.0877086
          ],
          [
            102.099894,
            17.0876407
          ],
          [
            102.0998776,
            17.0874473
          ],
          [
            102.1000799,
            17.0873219
          ],
          [
            102.100397,
            17.0873219
          ],
          [
            102.100654,
            17.0872591
          ],
          [
            102.1009219,
            17.0870501
          ],
          [
            102.1011461,
            17.0868306
          ],
          [
            102.1015288,
            17.0866215
          ],
          [
            102.1018569,
            17.0862243
          ],
          [
            102.1021631,
            17.0857435
          ],
          [
            102.1027098,
            17.0851555
          ],
          [
            102.1028629,
            17.085098
          ],
          [
            102.1033113,
            17.084889
          ],
          [
            102.10353,
            17.0847165
          ],
          [
            102.1037692,
            17.084514
          ],
          [
            102.103843,
            17.0840436
          ],
          [
            102.1040071,
            17.0839312
          ],
          [
            102.1042012,
            17.0839417
          ],
          [
            102.1042996,
            17.0839208
          ],
          [
            102.1043625,
            17.0838398
          ],
          [
            102.1043406,
            17.0837117
          ],
          [
            102.1043542,
            17.0835366
          ],
          [
            102.1044663,
            17.0833537
          ]
        ]
      },
      "id": "way/468198959"
    },
    {
      "type": "Feature",
      "properties": {
        "@id": "way/555585712",
        "fixme": "My English translation might need correcting.",
        "name": "ห้วยน้ำวังเวิน",
        "name:en": "Huai Nam Wangwin",
        "name:th": "ห้วยน้ำวังเวิน",
        "source": "Mapbox Satellite",
        "source:name": "sign",
        "waterway": "stream"
      },
      "geometry": {
        "type": "LineString",
        "coordinates": [
          [
            102.4112849,
            17.2255693
          ],
          [
            102.4110069,
            17.2250845
          ]
        ]
      },
      "id": "way/555585712"
    },
    {
      "type": "Feature",
      "properties": {
        "@id": "way/555585713",
        "fixme": "My English translation might need correcting.",
        "name": "ห้วยน้ำวังเวิน",
        "name:en": "Huai Nam Wangwin",
        "name:th": "ห้วยน้ำวังเวิน",
        "source": "Mapbox Satellite",
        "source:name": "sign",
        "waterway": "stream"
      },
      "geometry": {
        "type": "LineString",
        "coordinates": [
          [
            102.4103173,
            17.2395986
          ],
          [
            102.4101064,
            17.2392449
          ],
          [
            102.4097928,
            17.2389506
          ],
          [
            102.409682,
            17.2387956
          ],
          [
            102.4096117,
            17.2385916
          ],
          [
            102.4096117,
            17.2384187
          ],
          [
            102.4095738,
            17.2382818
          ],
          [
            102.4094684,
            17.2381191
          ],
          [
            102.4094359,
            17.2379022
          ],
          [
            102.4094765,
            17.2375614
          ],
          [
            102.4096355,
            17.2372166
          ],
          [
            102.4096968,
            17.2369335
          ],
          [
            102.4097734,
            17.2367351
          ],
          [
            102.4100106,
            17.2364269
          ],
          [
            102.4101485,
            17.2363288
          ],
          [
            102.4102593,
            17.2363068
          ],
          [
            102.4103431,
            17.236312
          ],
          [
            102.4104107,
            17.2363688
          ],
          [
            102.4104918,
            17.2364037
          ],
          [
            102.4105662,
            17.2363998
          ],
          [
            102.4105864,
            17.2363559
          ],
          [
            102.4105756,
            17.2362487
          ],
          [
            102.4105837,
            17.2361894
          ],
          [
            102.4106432,
            17.2361519
          ],
          [
            102.4107081,
            17.2361313
          ],
          [
            102.4107595,
            17.2360473
          ],
          [
            102.4107622,
            17.2360164
          ],
          [
            102.410727,
            17.2360047
          ],
          [
            102.4106675,
            17.2360228
          ],
          [
            102.4105729,
            17.2360809
          ],
          [
            102.4104932,
            17.2361777
          ],
          [
            102.4104607,
            17.2361894
          ],
          [
            102.4104472,
            17.2361803
          ],
          [
            102.410431,
            17.2361326
          ],
          [
            102.4104229,
            17.2360628
          ],
          [
            102.4104323,
            17.2359686
          ],
          [
            102.4104837,
            17.2358459
          ],
          [
            102.410577,
            17.2357388
          ],
          [
            102.4107013,
            17.2353915
          ],
          [
            102.4108011,
            17.2351084
          ],
          [
            102.4108386,
            17.2350678
          ],
          [
            102.4109118,
            17.2350499
          ],
          [
            102.4109936,
            17.2350401
          ],
          [
            102.4111145,
            17.2349669
          ],
          [
            102.4111826,
            17.2348742
          ],
          [
            102.4111877,
            17.2348075
          ],
          [
            102.4111519,
            17.2347132
          ],
          [
            102.4110412,
            17.2345717
          ],
          [
            102.4108948,
            17.2342382
          ],
          [
            102.4109067,
            17.2341194
          ],
          [
            102.4109391,
            17.2340544
          ],
          [
            102.4110583,
            17.2339552
          ],
          [
            102.4112013,
            17.2337827
          ],
          [
            102.4114755,
            17.2333679
          ],
          [
            102.4115522,
            17.2332606
          ],
          [
            102.4116407,
            17.2332232
          ],
          [
            102.4117429,
            17.2332378
          ],
          [
            102.4118621,
            17.2332525
          ],
          [
            102.4120965,
            17.233211
          ],
          [
            102.4122004,
            17.2331557
          ],
          [
            102.4122311,
            17.2330743
          ],
          [
            102.4122089,
            17.2329946
          ],
          [
            102.4122345,
            17.2329231
          ],
          [
            102.4122856,
            17.2328808
          ],
          [
            102.4124082,
            17.2328596
          ],
          [
            102.4125002,
            17.2328222
          ],
          [
            102.4125291,
            17.232775
          ],
          [
            102.4125172,
            17.2326888
          ],
          [
            102.4124559,
            17.2325619
          ],
          [
            102.4124423,
            17.2324546
          ],
          [
            102.4125002,
            17.2322935
          ],
          [
            102.4125785,
            17.2321341
          ],
          [
            102.4125955,
            17.2319942
          ],
          [
            102.4125567,
            17.2318051
          ],
          [
            102.4123932,
            17.2313561
          ],
          [
            102.4123779,
            17.2311251
          ],
          [
            102.4124102,
            17.2310178
          ],
          [
            102.4124664,
            17.230956
          ],
          [
            102.412618,
            17.2308405
          ],
          [
            102.4131358,
            17.23018
          ],
          [
            102.4132416,
            17.2300589
          ],
          [
            102.413247,
            17.2300059
          ],
          [
            102.4132105,
            17.2299091
          ],
          [
            102.4129821,
            17.2295101
          ],
          [
            102.4129537,
            17.2293449
          ],
          [
            102.4129767,
            17.2291125
          ],
          [
            102.412957,
            17.2289671
          ],
          [
            102.4129043,
            17.228889
          ],
          [
            102.4128225,
            17.2288223
          ],
          [
            102.4127697,
            17.2287654
          ],
          [
            102.4127442,
            17.2286824
          ],
          [
            102.4127356,
            17.2285881
          ],
          [
            102.4126897,
            17.2284839
          ],
          [
            102.4125211,
            17.2283685
          ],
          [
            102.4124189,
            17.2283229
          ],
          [
            102.4123405,
            17.2283066
          ],
          [
            102.4121532,
            17.2283343
          ],
          [
            102.411988,
            17.2283327
          ],
          [
            102.4118909,
            17.2282936
          ],
          [
            102.4118517,
            17.2282269
          ],
          [
            102.4118313,
            17.2281619
          ],
          [
            102.4117376,
            17.2281212
          ],
          [
            102.4115997,
            17.2280952
          ],
          [
            102.4112676,
            17.2279992
          ],
          [
            102.4111943,
            17.227939
          ],
          [
            102.4111824,
            17.2278284
          ],
          [
            102.4112097,
            17.2277584
          ],
          [
            102.4113033,
            17.2277129
          ],
          [
            102.4115094,
            17.2275746
          ],
          [
            102.4115571,
            17.2274982
          ],
          [
            102.4115554,
            17.2274315
          ],
          [
            102.4115026,
            17.2273371
          ],
          [
            102.4115145,
            17.2272509
          ],
          [
            102.4115741,
            17.2272119
          ],
          [
            102.4116729,
            17.2272314
          ],
          [
            102.4117599,
            17.2272561
          ],
          [
            102.4118444,
            17.2272471
          ],
          [
            102.4119142,
            17.227183
          ],
          [
            102.4119289,
            17.2271087
          ],
          [
            102.4119008,
            17.2269768
          ],
          [
            102.4118297,
            17.2268807
          ],
          [
            102.4117363,
            17.2268223
          ],
          [
            102.4112063,
            17.2258622
          ],
          [
            102.4111625,
            17.2257875
          ],
          [
            102.4112503,
            17.2256882
          ],
          [
            102.4112832,
            17.2256414
          ],
          [
            102.4112849,
            17.2255693
          ]
        ]
      },
      "id": "way/555585713"
    },
    {
      "type": "Feature",
      "properties": {
        "@id": "way/556920814",
        "note": "Actual direction of flow unknown.",
        "source": "DigitalGlobe",
        "waterway": "stream"
      },
      "geometry": {
        "type": "LineString",
        "coordinates": [
          [
            102.083078,
            17.3316512
          ],
          [
            102.0830888,
            17.3315488
          ],
          [
            102.0831209,
            17.3314208
          ],
          [
            102.0831746,
            17.3312774
          ],
          [
            102.0832175,
            17.3311494
          ],
          [
            102.0832068,
            17.3310009
          ],
          [
            102.0831102,
            17.3308626
          ],
          [
            102.082783,
            17.3306936
          ],
          [
            102.0824933,
            17.3305861
          ],
          [
            102.0823538,
            17.3304734
          ],
          [
            102.0823538,
            17.3303096
          ],
          [
            102.0824128,
            17.3300996
          ],
          [
            102.0826274,
            17.3298794
          ],
          [
            102.0827776,
            17.329736
          ],
          [
            102.0829064,
            17.3295824
          ],
          [
            102.0830566,
            17.3295107
          ],
          [
            102.083196,
            17.3295209
          ],
          [
            102.0834053,
            17.3297104
          ],
          [
            102.0835769,
            17.3299101
          ],
          [
            102.0837003,
            17.329987
          ],
          [
            102.0839471,
            17.3300382
          ],
          [
            102.0841455,
            17.3301508
          ],
          [
            102.0843065,
            17.3303557
          ],
          [
            102.0844245,
            17.3304273
          ],
          [
            102.0845318,
            17.330412
          ],
          [
            102.0846391,
            17.3302788
          ],
          [
            102.0845854,
            17.3300945
          ],
          [
            102.0844781,
            17.3299101
          ],
          [
            102.0843226,
            17.3296285
          ],
          [
            102.0841187,
            17.329352
          ],
          [
            102.0839739,
            17.3290652
          ],
          [
            102.0838505,
            17.3287784
          ],
          [
            102.0837271,
            17.3285531
          ],
          [
            102.0836198,
            17.3285172
          ],
          [
            102.0834804,
            17.3286453
          ],
          [
            102.0834964,
            17.3288194
          ],
          [
            102.0834589,
            17.3289986
          ],
          [
            102.0833355,
            17.3290601
          ],
          [
            102.0832443,
            17.329014
          ],
          [
            102.0831853,
            17.328845
          ],
          [
            102.0832202,
            17.3285352
          ],
          [
            102.0832738,
            17.3283329
          ],
          [
            102.0832711,
            17.3279898
          ],
          [
            102.0832738,
            17.3276723
          ],
          [
            102.0832765,
            17.3275878
          ],
          [
            102.0832175,
            17.3275187
          ],
          [
            102.0830512,
            17.3274546
          ],
          [
            102.0829439,
            17.327406
          ],
          [
            102.0828554,
            17.3272959
          ],
          [
            102.0827991,
            17.3271602
          ],
          [
            102.0828018,
            17.3270603
          ],
          [
            102.0828608,
            17.3269605
          ],
          [
            102.082952,
            17.32694
          ],
          [
            102.0831075,
            17.3269528
          ],
          [
            102.0833087,
            17.3270142
          ],
          [
            102.083475,
            17.327045
          ],
          [
            102.083585,
            17.327027
          ],
          [
            102.0837566,
            17.326899
          ],
          [
            102.0838398,
            17.3268299
          ],
          [
            102.0839632,
            17.326812
          ],
          [
            102.0842394,
            17.3268043
          ],
          [
            102.0844969,
            17.3268017
          ],
          [
            102.084682,
            17.3267761
          ],
          [
            102.0848241,
            17.3267275
          ],
          [
            102.0849824,
            17.3266097
          ],
          [
            102.0850655,
            17.32641
          ],
          [
            102.0850173,
            17.3262615
          ],
          [
            102.0848402,
            17.3260925
          ],
          [
            102.0847008,
            17.3259516
          ],
          [
            102.0845586,
            17.3257468
          ],
          [
            102.0844835,
            17.3255676
          ],
          [
            102.0844218,
            17.3254062
          ],
          [
            102.0843923,
            17.3252629
          ],
          [
            102.0844164,
            17.3251169
          ],
          [
            102.0845506,
            17.3250529
          ],
          [
            102.0846605,
            17.3250427
          ],
          [
            102.0848349,
            17.3250862
          ],
          [
            102.0850924,
            17.3251656
          ],
          [
            102.0852721,
            17.3251707
          ],
          [
            102.0854223,
            17.3252859
          ],
          [
            102.0855966,
            17.3253346
          ],
          [
            102.0857656,
            17.3253448
          ],
          [
            102.0859346,
            17.3253602
          ],
          [
            102.0860794,
            17.3253832
          ],
          [
            102.0862001,
            17.3253986
          ],
          [
            102.0862859,
            17.3253653
          ],
          [
            102.0863584,
            17.3252808
          ],
          [
            102.0863691,
            17.3251784
          ],
          [
            102.0863342,
            17.3251169
          ],
          [
            102.0862197,
            17.3249279
          ]
        ]
      },
      "id": "way/556920814"
    },
    {
      "type": "Feature",
      "properties": {
        "@id": "way/631218054",
        "waterway": "stream"
      },
      "geometry": {
        "type": "LineString",
        "coordinates": [
          [
            102.4969851,
            17.3866412
          ],
          [
            102.4971353,
            17.3864364
          ],
          [
            102.4973794,
            17.3862572
          ],
          [
            102.4977791,
            17.3864978
          ],
          [
            102.4979883,
            17.3865848
          ],
          [
            102.4983048,
            17.3864517
          ],
          [
            102.498624,
            17.3865132
          ],
          [
            102.4987903,
            17.3862854
          ],
          [
            102.4991819,
            17.3861574
          ],
          [
            102.4996647,
            17.3860729
          ],
          [
            102.5002172,
            17.3861369
          ],
          [
            102.501054,
            17.3860704
          ],
          [
            102.5012659,
            17.3859449
          ],
          [
            102.5014966,
            17.3855994
          ],
          [
            102.5016629,
            17.3855123
          ],
          [
            102.5018399,
            17.3855123
          ],
          [
            102.5022208,
            17.3858886
          ],
          [
            102.50254,
            17.3858733
          ],
          [
            102.5026982,
            17.3860294
          ],
          [
            102.503114,
            17.3860499
          ],
          [
            102.5032669,
            17.386206
          ],
          [
            102.5036799,
            17.3861062
          ],
          [
            102.5039267,
            17.3860499
          ],
          [
            102.5041225,
            17.3861036
          ],
          [
            102.5044739,
            17.3859628
          ],
          [
            102.5048118,
            17.3859091
          ],
          [
            102.5050532,
            17.3857248
          ],
          [
            102.5052893,
            17.3857709
          ],
          [
            102.5056916,
            17.3855815
          ],
          [
            102.5060376,
            17.3854586
          ],
          [
            102.5061985,
            17.3855891
          ],
          [
            102.5065016,
            17.3855456
          ],
          [
            102.5067993,
            17.3856506
          ],
          [
            102.5070032,
            17.3858195
          ],
          [
            102.5075235,
            17.3857837
          ],
          [
            102.5077167,
            17.3856301
          ],
          [
            102.5081565,
            17.3855482
          ],
          [
            102.5083926,
            17.3857427
          ],
          [
            102.5092777,
            17.3857274
          ],
          [
            102.5094386,
            17.385753
          ],
          [
            102.5095674,
            17.3859296
          ],
          [
            102.5096559,
            17.3858963
          ],
          [
            102.5097471,
            17.3857043
          ],
          [
            102.5097685,
            17.3855047
          ],
          [
            102.510026,
            17.3852231
          ],
          [
            102.5103908,
            17.3850004
          ],
          [
            102.5106483,
            17.3850465
          ],
          [
            102.5109729,
            17.3849159
          ],
          [
            102.5112196,
            17.3848801
          ],
          [
            102.511681,
            17.3847598
          ],
          [
            102.5117856,
            17.3846421
          ],
          [
            102.5117561,
            17.384381
          ],
          [
            102.5118365,
            17.3841941
          ],
          [
            102.5119358,
            17.3840047
          ],
          [
            102.5122952,
            17.3840277
          ],
          [
            102.5126412,
            17.3839356
          ],
          [
            102.5129791,
            17.3839202
          ],
          [
            102.5133493,
            17.3840533
          ],
          [
            102.513537,
            17.3840636
          ],
          [
            102.5136604,
            17.3839817
          ],
          [
            102.5138053,
            17.3837615
          ],
          [
            102.5140869,
            17.3836924
          ],
          [
            102.5143229,
            17.3836924
          ],
          [
            102.5145402,
            17.3836591
          ],
          [
            102.5147816,
            17.3838793
          ],
          [
            102.5152644,
            17.3837666
          ],
          [
            102.5155728,
            17.383695
          ],
          [
            102.5158867,
            17.3835184
          ],
          [
            102.5161844,
            17.3832189
          ],
          [
            102.5163909,
            17.383096
          ],
          [
            102.5164365,
            17.3828477
          ],
          [
            102.5165465,
            17.382666
          ],
          [
            102.5167825,
            17.3825969
          ],
          [
            102.5170025,
            17.3825713
          ],
          [
            102.517437,
            17.3826839
          ],
          [
            102.5177454,
            17.3827607
          ],
          [
            102.5180137,
            17.3830806
          ],
          [
            102.5184133,
            17.3830166
          ],
          [
            102.5189658,
            17.3830448
          ],
          [
            102.5190651,
            17.3829527
          ],
          [
            102.5189068,
            17.3826532
          ],
          [
            102.5191482,
            17.3824202
          ],
          [
            102.5192206,
            17.3823434
          ],
          [
            102.5194004,
            17.3824868
          ],
          [
            102.5195693,
            17.3826097
          ],
          [
            102.5199153,
            17.3825533
          ],
          [
            102.5202372,
            17.3827479
          ],
          [
            102.5203096,
            17.3829885
          ],
          [
            102.5204303,
            17.383119
          ],
          [
            102.5202935,
            17.3833929
          ],
          [
            102.5200012,
            17.383805
          ],
          [
            102.5199851,
            17.3838716
          ],
          [
            102.5201862,
            17.3840098
          ],
          [
            102.5203204,
            17.3841148
          ],
          [
            102.5204384,
            17.384276
          ],
          [
            102.5207066,
            17.3843733
          ],
          [
            102.5211304,
            17.3846241
          ],
          [
            102.52164,
            17.3845934
          ],
          [
            102.5218975,
            17.384445
          ],
          [
            102.5222194,
            17.3844347
          ],
          [
            102.5225788,
            17.3843528
          ],
          [
            102.5229972,
            17.3844347
          ],
          [
            102.5236704,
            17.3843989
          ],
          [
            102.5240433,
            17.3843758
          ],
          [
            102.5241854,
            17.3844859
          ],
          [
            102.524282,
            17.3845576
          ],
          [
            102.5243544,
            17.3845371
          ],
          [
            102.5242525,
            17.3842223
          ],
          [
            102.5242793,
            17.3840328
          ],
          [
            102.5244724,
            17.3840994
          ],
          [
            102.5246897,
            17.384125
          ],
          [
            102.5248265,
            17.3840431
          ],
          [
            102.5249847,
            17.3839228
          ],
          [
            102.5251859,
            17.3837897
          ],
          [
            102.5257143,
            17.3837615
          ],
          [
            102.5260603,
            17.3838332
          ],
          [
            102.5261863,
            17.3838178
          ],
          [
            102.5264868,
            17.3836924
          ],
          [
            102.5269052,
            17.3837001
          ],
          [
            102.5272083,
            17.3838255
          ],
          [
            102.5273182,
            17.3840175
          ],
          [
            102.5275328,
            17.3840789
          ],
          [
            102.5278976,
            17.3843093
          ],
          [
            102.5281202,
            17.3843093
          ],
          [
            102.5282597,
            17.3841762
          ],
          [
            102.5284555,
            17.3839433
          ],
          [
            102.5286942,
            17.3838946
          ],
          [
            102.5290965,
            17.3840456
          ],
          [
            102.5299763,
            17.3841864
          ],
          [
            102.5303357,
            17.384189
          ],
          [
            102.530679,
            17.3843298
          ],
          [
            102.5307971,
            17.3843528
          ],
          [
            102.5311592,
            17.3846574
          ],
          [
            102.5314542,
            17.3847521
          ],
          [
            102.53165,
            17.3845525
          ],
          [
            102.5316661,
            17.384404
          ],
          [
            102.5319531,
            17.3842607
          ],
          [
            102.5321543,
            17.3842709
          ],
          [
            102.5322025,
            17.3844629
          ],
          [
            102.5324547,
            17.3847649
          ],
          [
            102.5325673,
            17.3849851
          ]
        ]
      },
      "id": "way/631218054"
    },
    {
      "type": "Feature",
      "properties": {
        "@id": "way/631218055",
        "layer": "-1",
        "waterway": "stream"
      },
      "geometry": {
        "type": "LineString",
        "coordinates": [
          [
            102.4968618,
            17.3867333
          ],
          [
            102.4969851,
            17.3866412
          ]
        ]
      },
      "id": "way/631218055"
    },
    {
      "type": "Feature",
      "properties": {
        "@id": "way/631218064",
        "waterway": "stream"
      },
      "geometry": {
        "type": "LineString",
        "coordinates": [
          [
            102.4625697,
            17.3958301
          ],
          [
            102.4626958,
            17.3958864
          ],
          [
            102.4627736,
            17.3959606
          ],
          [
            102.4628272,
            17.3961654
          ],
          [
            102.4628138,
            17.3964188
          ],
          [
            102.4628648,
            17.3965621
          ],
          [
            102.4629935,
            17.3966005
          ],
          [
            102.4634039,
            17.396534
          ],
          [
            102.4639859,
            17.3964828
          ],
          [
            102.4645438,
            17.3966747
          ],
          [
            102.4648067,
            17.3969256
          ],
          [
            102.4653485,
            17.3967695
          ],
          [
            102.4658581,
            17.3970561
          ],
          [
            102.4661075,
            17.3972711
          ],
          [
            102.4663114,
            17.3972404
          ],
          [
            102.466306,
            17.3970817
          ],
          [
            102.4662631,
            17.3968693
          ],
          [
            102.4663919,
            17.3968104
          ],
          [
            102.4664777,
            17.3968744
          ],
          [
            102.4665528,
            17.3972276
          ],
          [
            102.4667593,
            17.3973889
          ],
          [
            102.4670624,
            17.3975603
          ],
          [
            102.4672475,
            17.3978956
          ],
          [
            102.4674218,
            17.3978342
          ],
          [
            102.4673843,
            17.3976525
          ],
          [
            102.467344,
            17.3975219
          ],
          [
            102.4677169,
            17.3974656
          ],
          [
            102.46791,
            17.3975091
          ],
          [
            102.4680521,
            17.3974144
          ],
          [
            102.4681809,
            17.3974938
          ],
          [
            102.4680924,
            17.3977318
          ],
          [
            102.468079,
            17.3978624
          ],
          [
            102.4685725,
            17.3978086
          ],
          [
            102.4687415,
            17.3979136
          ],
          [
            102.4691706,
            17.397696
          ],
          [
            102.4697983,
            17.3976166
          ],
          [
            102.4700531,
            17.3979161
          ],
          [
            102.4704018,
            17.3979084
          ],
          [
            102.4707665,
            17.3978547
          ],
          [
            102.4709972,
            17.39787
          ],
          [
            102.471413,
            17.3979596
          ],
          [
            102.4715632,
            17.3979443
          ],
          [
            102.471531,
            17.3974836
          ],
          [
            102.4718287,
            17.3972762
          ],
          [
            102.4721211,
            17.3971329
          ],
          [
            102.47251,
            17.3966108
          ],
          [
            102.4732529,
            17.396447
          ],
          [
            102.4736365,
            17.3963241
          ],
          [
            102.4737331,
            17.3961552
          ],
          [
            102.473776,
            17.3959146
          ],
          [
            102.4738859,
            17.3957738
          ],
          [
            102.4740362,
            17.3957789
          ],
          [
            102.4741005,
            17.3960553
          ],
          [
            102.4741542,
            17.3961296
          ],
          [
            102.4744143,
            17.3961219
          ],
          [
            102.4748086,
            17.3961526
          ],
          [
            102.4750983,
            17.3962908
          ],
          [
            102.4752914,
            17.3962268
          ],
          [
            102.4754014,
            17.3960221
          ],
          [
            102.475624,
            17.3959658
          ],
          [
            102.4758896,
            17.395935
          ],
          [
            102.4759325,
            17.3958199
          ],
          [
            102.4759325,
            17.3956202
          ],
          [
            102.4760666,
            17.3954743
          ],
          [
            102.4764448,
            17.3954001
          ],
          [
            102.4766862,
            17.3952977
          ],
          [
            102.4767827,
            17.3951467
          ],
          [
            102.4768686,
            17.3948268
          ],
          [
            102.4770107,
            17.3946732
          ],
          [
            102.4774399,
            17.3946553
          ],
          [
            102.4776357,
            17.3944659
          ],
          [
            102.4778261,
            17.3943942
          ],
          [
            102.4780031,
            17.3944224
          ],
          [
            102.4782955,
            17.39432
          ],
          [
            102.4785745,
            17.3942304
          ],
          [
            102.4787649,
            17.3942304
          ],
          [
            102.4789205,
            17.3940589
          ],
          [
            102.4790921,
            17.3935777
          ],
          [
            102.479304,
            17.3934804
          ],
          [
            102.479296,
            17.393076
          ],
          [
            102.4793979,
            17.3928943
          ],
          [
            102.4797707,
            17.3926563
          ],
          [
            102.480047,
            17.3925436
          ],
          [
            102.4804225,
            17.3924182
          ],
          [
            102.4806263,
            17.3924285
          ],
          [
            102.4808758,
            17.392321
          ],
          [
            102.4811225,
            17.3920957
          ],
          [
            102.4813076,
            17.3919063
          ],
          [
            102.4815249,
            17.3918961
          ],
          [
            102.4816858,
            17.3919473
          ],
          [
            102.481895,
            17.391978
          ],
          [
            102.4822035,
            17.3919677
          ],
          [
            102.4824476,
            17.3917067
          ],
          [
            102.4826487,
            17.3917348
          ],
          [
            102.4829384,
            17.3919293
          ],
          [
            102.4831181,
            17.392129
          ],
          [
            102.4832737,
            17.3922416
          ],
          [
            102.4834883,
            17.3923721
          ],
          [
            102.4838584,
            17.3923773
          ],
          [
            102.4840488,
            17.3923824
          ],
          [
            102.4842554,
            17.3925052
          ],
          [
            102.4843653,
            17.3925283
          ],
          [
            102.484816,
            17.3924413
          ],
          [
            102.4852907,
            17.3924848
          ],
          [
            102.4855214,
            17.3925616
          ],
          [
            102.4856582,
            17.392733
          ],
          [
            102.4856501,
            17.3929557
          ],
          [
            102.4857601,
            17.3930044
          ],
          [
            102.485921,
            17.3929685
          ],
          [
            102.4863797,
            17.3928201
          ],
          [
            102.486605,
            17.392646
          ],
          [
            102.486774,
            17.3926614
          ],
          [
            102.487128,
            17.3928585
          ],
          [
            102.4875384,
            17.3926716
          ],
          [
            102.4878388,
            17.3926742
          ],
          [
            102.4881204,
            17.3927996
          ],
          [
            102.488268,
            17.3927894
          ],
          [
            102.4885013,
            17.3925232
          ],
          [
            102.4890109,
            17.3918884
          ],
          [
            102.4892818,
            17.3918423
          ],
          [
            102.4893891,
            17.3916529
          ],
          [
            102.4894749,
            17.3911691
          ],
          [
            102.4901294,
            17.3904525
          ],
          [
            102.4899336,
            17.390176
          ],
          [
            102.4900489,
            17.3900276
          ],
          [
            102.4904727,
            17.3900455
          ],
          [
            102.4912264,
            17.3899149
          ],
          [
            102.4914303,
            17.3897716
          ],
          [
            102.4914812,
            17.3895259
          ],
          [
            102.4917441,
            17.389531
          ],
          [
            102.4918568,
            17.38938
          ],
          [
            102.492007,
            17.3893953
          ],
          [
            102.4924093,
            17.3892341
          ],
          [
            102.492994,
            17.3891087
          ],
          [
            102.4933025,
            17.3889935
          ],
          [
            102.4933776,
            17.3886095
          ],
          [
            102.4935036,
            17.3884764
          ],
          [
            102.4936807,
            17.3883433
          ],
          [
            102.4936565,
            17.3882307
          ],
          [
            102.4934419,
            17.3882051
          ],
          [
            102.4933937,
            17.3880515
          ],
          [
            102.4934258,
            17.3877751
          ],
          [
            102.4936538,
            17.3874858
          ],
          [
            102.4936619,
            17.3872632
          ],
          [
            102.4940213,
            17.3872248
          ],
          [
            102.4942949,
            17.386892
          ],
          [
            102.4945577,
            17.3866719
          ],
          [
            102.4950593,
            17.3866412
          ],
          [
            102.4953812,
            17.3867052
          ],
          [
            102.4955502,
            17.3868613
          ],
          [
            102.4957701,
            17.3870507
          ],
          [
            102.4960115,
            17.3871557
          ],
          [
            102.4964648,
            17.3871198
          ],
          [
            102.4967169,
            17.3868178
          ],
          [
            102.4968618,
            17.3867333
          ]
        ]
      },
      "id": "way/631218064"
    },
    {
      "type": "Feature",
      "properties": {
        "@id": "way/631218065",
        "waterway": "stream"
      },
      "geometry": {
        "type": "LineString",
        "coordinates": [
          [
            102.4605876,
            17.3960707
          ],
          [
            102.4606519,
            17.3959325
          ],
          [
            102.4608129,
            17.3960144
          ],
          [
            102.4609416,
            17.3961219
          ],
          [
            102.4610972,
            17.3960886
          ],
          [
            102.461293,
            17.3962678
          ],
          [
            102.4614217,
            17.3963906
          ],
          [
            102.4616148,
            17.3963087
          ],
          [
            102.4618214,
            17.3961321
          ],
          [
            102.4618562,
            17.3958941
          ],
          [
            102.4619582,
            17.3958557
          ],
          [
            102.4620681,
            17.3960553
          ],
          [
            102.4622103,
            17.3960451
          ],
          [
            102.4623927,
            17.3959043
          ],
          [
            102.4625697,
            17.3958301
          ]
        ]
      },
      "id": "way/631218065"
    },
    {
      "type": "Feature",
      "properties": {
        "@id": "way/631218066",
        "waterway": "stream"
      },
      "geometry": {
        "type": "LineString",
        "coordinates": [
          [
            102.4594181,
            17.3856275
          ],
          [
            102.4589943,
            17.3856582
          ],
          [
            102.4581199,
            17.3852026
          ],
          [
            102.4577417,
            17.3850004
          ],
          [
            102.4575808,
            17.3845985
          ],
          [
            102.4576425,
            17.3843093
          ],
          [
            102.4577793,
            17.3837794
          ],
          [
            102.4574252,
            17.3832265
          ],
          [
            102.456744,
            17.3832573
          ],
          [
            102.4562799,
            17.3831702
          ],
          [
            102.4559044,
            17.3829527
          ],
          [
            102.4554967,
            17.3828682
          ]
        ]
      },
      "id": "way/631218066"
    },
    {
      "type": "Feature",
      "properties": {
        "@id": "way/631218067",
        "waterway": "stream"
      },
      "geometry": {
        "type": "LineString",
        "coordinates": [
          [
            102.4448765,
            17.3833481
          ],
          [
            102.4450227,
            17.3831344
          ],
          [
            102.4455936,
            17.3821554
          ],
          [
            102.4465569,
            17.3816293
          ],
          [
            102.4472382,
            17.3810508
          ],
          [
            102.4474394,
            17.3805209
          ],
          [
            102.4475386,
            17.380032
          ],
          [
            102.4479946,
            17.3798759
          ],
          [
            102.4482762,
            17.3798631
          ],
          [
            102.448303,
            17.3800371
          ],
          [
            102.4482172,
            17.3802265
          ],
          [
            102.4481367,
            17.3807231
          ],
          [
            102.4479222,
            17.3809714
          ],
          [
            102.4478953,
            17.3811301
          ],
          [
            102.4480777,
            17.3811353
          ],
          [
            102.4483647,
            17.3810021
          ],
          [
            102.4485257,
            17.3807641
          ],
          [
            102.4485605,
            17.3807231
          ],
          [
            102.4489682,
            17.3808127
          ],
          [
            102.4492794,
            17.3807641
          ],
          [
            102.4496656,
            17.3805542
          ],
          [
            102.4500465,
            17.3805004
          ],
          [
            102.4501967,
            17.3803059
          ],
          [
            102.4503388,
            17.3801958
          ],
          [
            102.4504086,
            17.3803008
          ],
          [
            102.4504273,
            17.3806003
          ],
          [
            102.4505749,
            17.3808511
          ],
          [
            102.4507787,
            17.38091
          ],
          [
            102.4509397,
            17.3809074
          ],
          [
            102.4510013,
            17.3812428
          ],
          [
            102.4510818,
            17.3813247
          ],
          [
            102.4515163,
            17.3812504
          ],
          [
            102.4516531,
            17.3812837
          ],
          [
            102.451857,
            17.3815704
          ],
          [
            102.4519508,
            17.3817982
          ],
          [
            102.4525543,
            17.3819595
          ],
          [
            102.453013,
            17.3818801
          ],
          [
            102.4541422,
            17.381747
          ],
          [
            102.4544963,
            17.3826762
          ],
          [
            102.4554967,
            17.3828682
          ],
          [
            102.4555853,
            17.3830761
          ],
          [
            102.4556308,
            17.383183
          ],
          [
            102.4555718,
            17.3835695
          ],
          [
            102.4551346,
            17.3835337
          ],
          [
            102.4548825,
            17.3836463
          ],
          [
            102.45492,
            17.3839458
          ],
          [
            102.4546679,
            17.3838946
          ],
          [
            102.4544346,
            17.3838972
          ],
          [
            102.4544453,
            17.3840687
          ],
          [
            102.4545767,
            17.3843221
          ],
          [
            102.4548181,
            17.3844014
          ],
          [
            102.4551722,
            17.3847009
          ],
          [
            102.4552339,
            17.3848622
          ],
          [
            102.4547967,
            17.3851207
          ],
          [
            102.4548181,
            17.385369
          ],
          [
            102.454971,
            17.3856122
          ],
          [
            102.4549844,
            17.3857939
          ],
          [
            102.455207,
            17.3860268
          ],
          [
            102.4553251,
            17.3862649
          ],
          [
            102.4552366,
            17.3865209
          ],
          [
            102.4552982,
            17.3867128
          ],
          [
            102.4552017,
            17.3867743
          ],
          [
            102.4549388,
            17.3867154
          ],
          [
            102.454861,
            17.3867794
          ],
          [
            102.454963,
            17.3868946
          ],
          [
            102.4553733,
            17.3874372
          ],
          [
            102.4555209,
            17.3874756
          ],
          [
            102.4556523,
            17.3874577
          ],
          [
            102.4558025,
            17.3872222
          ],
          [
            102.4559688,
            17.3871352
          ],
          [
            102.4560332,
            17.3871787
          ],
          [
            102.4563336,
            17.3875678
          ],
          [
            102.4567627,
            17.3880183
          ],
          [
            102.4568807,
            17.3880771
          ],
          [
            102.4570873,
            17.387985
          ],
          [
            102.457326,
            17.3878775
          ],
          [
            102.4574923,
            17.3878775
          ],
          [
            102.4575969,
            17.3881718
          ],
          [
            102.4576613,
            17.3883408
          ],
          [
            102.4580073,
            17.3886044
          ],
          [
            102.4580797,
            17.3889679
          ],
          [
            102.4581655,
            17.3890575
          ],
          [
            102.4582594,
            17.3890395
          ],
          [
            102.4583586,
            17.3888169
          ],
          [
            102.4586617,
            17.3888808
          ],
          [
            102.458879,
            17.3890498
          ],
          [
            102.4589836,
            17.3895438
          ],
          [
            102.459166,
            17.3898817
          ],
          [
            102.4594074,
            17.3899508
          ],
          [
            102.4598634,
            17.3898535
          ],
          [
            102.4601611,
            17.3899124
          ],
          [
            102.4602657,
            17.3902374
          ],
          [
            102.460373,
            17.3905625
          ],
          [
            102.4604186,
            17.3907442
          ],
          [
            102.4606144,
            17.3906931
          ],
          [
            102.4607485,
            17.3905804
          ],
          [
            102.4606814,
            17.3904013
          ],
          [
            102.4607297,
            17.3902119
          ],
          [
            102.4609738,
            17.3900634
          ],
          [
            102.4612152,
            17.3901146
          ],
          [
            102.4614593,
            17.3905856
          ],
          [
            102.4618697,
            17.3915761
          ],
          [
            102.4623042,
            17.3922621
          ],
          [
            102.4622934,
            17.3927228
          ],
          [
            102.4623283,
            17.3932142
          ],
          [
            102.4620655,
            17.3932475
          ],
          [
            102.4621245,
            17.3934472
          ],
          [
            102.4623229,
            17.3936622
          ],
          [
            102.4622371,
            17.3938541
          ],
          [
            102.4619099,
            17.3938106
          ],
          [
            102.4618428,
            17.3939565
          ],
          [
            102.4620762,
            17.3944403
          ],
          [
            102.462154,
            17.3945171
          ],
          [
            102.4623632,
            17.3944428
          ],
          [
            102.4625938,
            17.3945734
          ],
          [
            102.462685,
            17.3947295
          ],
          [
            102.4626019,
            17.3948908
          ],
          [
            102.4622532,
            17.3948754
          ],
          [
            102.4623095,
            17.3950802
          ],
          [
            102.462559,
            17.3953975
          ],
          [
            102.4625724,
            17.3957738
          ],
          [
            102.4625697,
            17.3958301
          ]
        ]
      },
      "id": "way/631218067"
    },
    {
      "type": "Feature",
      "properties": {
        "@id": "way/631218068",
        "waterway": "stream"
      },
      "geometry": {
        "type": "LineString",
        "coordinates": [
          [
            102.4513675,
            17.3872529
          ],
          [
            102.44927,
            17.3856506
          ],
          [
            102.4477465,
            17.3860934
          ],
          [
            102.4474353,
            17.3857837
          ],
          [
            102.447261,
            17.3851796
          ],
          [
            102.4471215,
            17.3849569
          ],
          [
            102.4467594,
            17.3849313
          ],
          [
            102.4466253,
            17.3846139
          ],
          [
            102.4463732,
            17.3845909
          ],
          [
            102.4459762,
            17.3847368
          ],
          [
            102.4457107,
            17.3845806
          ],
          [
            102.4453271,
            17.3840892
          ],
          [
            102.4451836,
            17.3838562
          ],
          [
            102.4448765,
            17.3833481
          ]
        ]
      },
      "id": "way/631218068"
    },
    {
      "type": "Feature",
      "properties": {
        "@id": "way/631218074",
        "waterway": "stream"
      },
      "geometry": {
        "type": "LineString",
        "coordinates": [
          [
            102.4381147,
            17.3730693
          ],
          [
            102.4383212,
            17.3733381
          ],
          [
            102.4383212,
            17.3735045
          ],
          [
            102.4381415,
            17.3736248
          ],
          [
            102.437892,
            17.3735557
          ],
          [
            102.4377687,
            17.3736172
          ],
          [
            102.4377231,
            17.3737682
          ],
          [
            102.4379296,
            17.3738706
          ],
          [
            102.438053,
            17.3739013
          ],
          [
            102.4381039,
            17.3741419
          ],
          [
            102.4381308,
            17.374211
          ],
          [
            102.4382139,
            17.3742085
          ],
          [
            102.4383373,
            17.3741598
          ],
          [
            102.4384687,
            17.3741675
          ],
          [
            102.438509,
            17.3743313
          ],
          [
            102.4384929,
            17.3745489
          ],
          [
            102.4384821,
            17.3746283
          ],
          [
            102.438525,
            17.3747204
          ],
          [
            102.4386484,
            17.3747204
          ],
          [
            102.438855,
            17.3746718
          ],
          [
            102.4390132,
            17.3747
          ],
          [
            102.439099,
            17.3748689
          ],
          [
            102.4391259,
            17.3750302
          ],
          [
            102.4390534,
            17.3751172
          ],
          [
            102.4388871,
            17.3750839
          ],
          [
            102.4386136,
            17.3750839
          ],
          [
            102.4385197,
            17.3751607
          ],
          [
            102.4386001,
            17.3754705
          ],
          [
            102.4386162,
            17.3756445
          ],
          [
            102.4383561,
            17.3760387
          ],
          [
            102.4383346,
            17.3761667
          ],
          [
            102.4385894,
            17.3762435
          ],
          [
            102.4387343,
            17.3764099
          ],
          [
            102.4386136,
            17.3765225
          ],
          [
            102.4383561,
            17.3766301
          ],
          [
            102.4382729,
            17.3767069
          ],
          [
            102.4382085,
            17.3769731
          ],
          [
            102.4381442,
            17.3771087
          ],
          [
            102.4381817,
            17.3772905
          ],
          [
            102.4383561,
            17.3775081
          ],
          [
            102.4384017,
            17.377654
          ],
          [
            102.438509,
            17.3776873
          ],
          [
            102.4387101,
            17.3776693
          ],
          [
            102.4388389,
            17.3778332
          ],
          [
            102.4389971,
            17.377933
          ],
          [
            102.439032,
            17.3780661
          ],
          [
            102.4389649,
            17.3782402
          ],
          [
            102.438796,
            17.3783733
          ],
          [
            102.4387691,
            17.3784526
          ],
          [
            102.4389515,
            17.3785755
          ],
          [
            102.4391017,
            17.3786497
          ],
          [
            102.4391768,
            17.3786369
          ],
          [
            102.4392063,
            17.3784705
          ],
          [
            102.4392439,
            17.3782862
          ],
          [
            102.4392627,
            17.3782171
          ],
          [
            102.439378,
            17.3782402
          ],
          [
            102.4394745,
            17.3783093
          ],
          [
            102.4396382,
            17.378363
          ],
          [
            102.4398796,
            17.3783298
          ],
          [
            102.4400539,
            17.3783861
          ],
          [
            102.4401317,
            17.3784859
          ],
          [
            102.4402336,
            17.3785883
          ],
          [
            102.4402041,
            17.3787035
          ],
          [
            102.4400915,
            17.3787444
          ],
          [
            102.4398635,
            17.3786984
          ],
          [
            102.439732,
            17.3787214
          ],
          [
            102.4396918,
            17.3787931
          ],
          [
            102.4397213,
            17.3789902
          ],
          [
            102.4400324,
            17.3792794
          ],
          [
            102.4400727,
            17.3795098
          ],
          [
            102.4401022,
            17.3797581
          ],
          [
            102.4400137,
            17.3799219
          ],
          [
            102.4399037,
            17.3799322
          ],
          [
            102.4397213,
            17.3798375
          ],
          [
            102.4395041,
            17.3798067
          ],
          [
            102.4394021,
            17.3798733
          ],
          [
            102.4393565,
            17.3800038
          ],
          [
            102.4392492,
            17.3801267
          ],
          [
            102.4390508,
            17.3801114
          ],
          [
            102.4389837,
            17.3801702
          ],
          [
            102.4389757,
            17.3802649
          ],
          [
            102.4391259,
            17.3804083
          ],
          [
            102.4393512,
            17.3804825
          ],
          [
            102.4393834,
            17.3806207
          ],
          [
            102.4394477,
            17.3808409
          ],
          [
            102.4395026,
            17.3809779
          ],
          [
            102.4395389,
            17.3810687
          ],
          [
            102.43961,
            17.3812236
          ],
          [
            102.4400123,
            17.381509
          ],
          [
            102.44018,
            17.3816485
          ],
          [
            102.4405233,
            17.381509
          ],
          [
            102.4411362,
            17.3813336
          ],
          [
            102.4413226,
            17.3813055
          ],
          [
            102.4414835,
            17.381381
          ],
          [
            102.4415948,
            17.3814795
          ],
          [
            102.4415761,
            17.3815563
          ],
          [
            102.4414326,
            17.3817905
          ],
          [
            102.441277,
            17.3818289
          ],
          [
            102.4411657,
            17.3819198
          ],
          [
            102.4411965,
            17.3820299
          ],
          [
            102.4414232,
            17.3822667
          ],
          [
            102.4422989,
            17.3827005
          ],
          [
            102.4425993,
            17.3826826
          ],
          [
            102.4428219,
            17.3824113
          ],
          [
            102.4430473,
            17.3822961
          ],
          [
            102.4432913,
            17.3823754
          ],
          [
            102.4437151,
            17.3827824
          ],
          [
            102.4443669,
            17.3832969
          ],
          [
            102.4448765,
            17.3833481
          ]
        ]
      },
      "id": "way/631218074"
    },
    {
      "type": "Feature",
      "properties": {
        "@id": "way/631218092",
        "waterway": "stream"
      },
      "geometry": {
        "type": "LineString",
        "coordinates": [
          [
            102.4988318,
            17.3087495
          ],
          [
            102.4991188,
            17.308916
          ],
          [
            102.4994246,
            17.3091413
          ],
          [
            102.499548,
            17.3093949
          ],
          [
            102.4997921,
            17.3094666
          ],
          [
            102.5000308,
            17.3097943
          ],
          [
            102.5002507,
            17.3100248
          ],
          [
            102.500468,
            17.3100504
          ],
          [
            102.5004948,
            17.3103039
          ],
          [
            102.5008569,
            17.3103782
          ],
          [
            102.5010768,
            17.3105126
          ],
          [
            102.5014443,
            17.3105357
          ],
          [
            102.5018225,
            17.310697
          ],
          [
            102.5021283,
            17.3108455
          ],
          [
            102.5023241,
            17.3107943
          ],
          [
            102.5026191,
            17.3106586
          ],
          [
            102.5030188,
            17.3105459
          ],
          [
            102.5033487,
            17.3104332
          ],
          [
            102.5039334,
            17.3105229
          ],
          [
            102.5041024,
            17.310592
          ],
          [
            102.5043196,
            17.3106765
          ],
          [
            102.5045476,
            17.3106944
          ],
          [
            102.5049982,
            17.3110248
          ],
          [
            102.5053898,
            17.3113525
          ],
          [
            102.505599,
            17.3115241
          ],
          [
            102.5061704,
            17.3117315
          ],
          [
            102.5068141,
            17.3118775
          ],
          [
            102.5073881,
            17.3118749
          ],
          [
            102.5076992,
            17.3118083
          ],
          [
            102.5083751,
            17.3116931
          ],
          [
            102.5089116,
            17.3118724
          ],
          [
            102.5091101,
            17.3118365
          ],
          [
            102.5093273,
            17.3116777
          ],
          [
            102.5093649,
            17.3114754
          ],
          [
            102.5093139,
            17.3112066
          ],
          [
            102.5092308,
            17.31114
          ],
          [
            102.509161,
            17.3104179
          ],
          [
            102.5091986,
            17.3102386
          ],
          [
            102.5098155,
            17.3097598
          ],
          [
            102.5101803,
            17.3095037
          ],
          [
            102.5105236,
            17.3095472
          ],
          [
            102.5108347,
            17.3092194
          ],
          [
            102.5115106,
            17.3090863
          ],
          [
            102.5122965,
            17.3087227
          ],
          [
            102.512208,
            17.3083667
          ],
          [
            102.5123314,
            17.3082054
          ],
          [
            102.5126157,
            17.3082387
          ],
          [
            102.5132004,
            17.3084563
          ],
          [
            102.5135062,
            17.3084666
          ],
          [
            102.5138603,
            17.3087739
          ],
          [
            102.5140668,
            17.3087406
          ],
          [
            102.5142599,
            17.309094
          ],
          [
            102.5144637,
            17.3092092
          ],
          [
            102.5145335,
            17.3096471
          ],
          [
            102.5144101,
            17.3098212
          ],
          [
            102.514453,
            17.3099877
          ],
          [
            102.5147239,
            17.3100517
          ],
          [
            102.5148017,
            17.3104512
          ],
          [
            102.5146274,
            17.3106355
          ],
          [
            102.5146596,
            17.3108993
          ],
          [
            102.5149412,
            17.3109582
          ],
          [
            102.5152201,
            17.3109249
          ],
          [
            102.5155447,
            17.311076
          ],
          [
            102.5155715,
            17.3113397
          ],
          [
            102.5158934,
            17.3116701
          ],
          [
            102.5159282,
            17.3117699
          ],
          [
            102.5161696,
            17.3121233
          ],
          [
            102.5163386,
            17.3125509
          ],
          [
            102.5165746,
            17.3128557
          ],
          [
            102.5168751,
            17.3129581
          ],
          [
            102.5168268,
            17.3133012
          ],
          [
            102.5167195,
            17.3139388
          ],
          [
            102.5165961,
            17.3143639
          ],
          [
            102.5167892,
            17.3144458
          ],
          [
            102.5173418,
            17.3143024
          ],
          [
            102.5175617,
            17.3143229
          ],
          [
            102.5178085,
            17.3142
          ],
          [
            102.5182215,
            17.3141744
          ],
          [
            102.5185863,
            17.3140976
          ],
          [
            102.5186292,
            17.3138466
          ],
          [
            102.5187526,
            17.3137596
          ],
          [
            102.5190423,
            17.3139183
          ],
          [
            102.5197397,
            17.3141027
          ],
          [
            102.5203512,
            17.3143741
          ],
          [
            102.5208984,
            17.3141693
          ],
          [
            102.5215796,
            17.3140259
          ],
          [
            102.5220303,
            17.3139081
          ],
          [
            102.522395,
            17.314072
          ],
          [
            102.5228832,
            17.314241
          ],
          [
            102.5231246,
            17.3144254
          ],
          [
            102.5233875,
            17.3146456
          ],
          [
            102.5235269,
            17.3148453
          ],
          [
            102.5238112,
            17.3148351
          ],
          [
            102.5239936,
            17.3147531
          ],
          [
            102.5241975,
            17.3148914
          ],
          [
            102.524278,
            17.314958
          ],
          [
            102.5245006,
            17.3150502
          ],
          [
            102.5247393,
            17.3146046
          ],
          [
            102.5250263,
            17.3141334
          ],
          [
            102.5252382,
            17.3137212
          ],
          [
            102.525552,
            17.3136392
          ],
          [
            102.5258363,
            17.3134293
          ],
          [
            102.5260026,
            17.3130656
          ],
          [
            102.526303,
            17.3128787
          ],
          [
            102.5265712,
            17.3131604
          ],
          [
            102.527274,
            17.3136597
          ],
          [
            102.5276173,
            17.3138134
          ],
          [
            102.5280062,
            17.3142435
          ],
          [
            102.528953,
            17.314241
          ],
          [
            102.5297255,
            17.3142333
          ],
          [
            102.5303907,
            17.3142256
          ],
          [
            102.5309674,
            17.3140566
          ],
          [
            102.5316835,
            17.3140694
          ],
          [
            102.5323165,
            17.3140899
          ],
          [
            102.5326759,
            17.3142359
          ],
          [
            102.5328691,
            17.3147275
          ],
          [
            102.5333572,
            17.3147531
          ],
          [
            102.5335557,
            17.3149221
          ],
          [
            102.5337971,
            17.3152601
          ],
          [
            102.5341994,
            17.3153369
          ],
          [
            102.534532,
            17.3158747
          ],
          [
            102.5353099,
            17.3163049
          ],
          [
            102.5349934,
            17.3165584
          ],
          [
            102.5346286,
            17.3166915
          ],
          [
            102.5345052,
            17.3169271
          ],
          [
            102.5346983,
            17.3176236
          ],
          [
            102.5351597,
            17.3179616
          ],
          [
            102.5350577,
            17.3183867
          ],
          [
            102.5348164,
            17.3187605
          ],
          [
            102.53487,
            17.3190985
          ],
          [
            102.535208,
            17.3191753
          ],
          [
            102.5355191,
            17.3196311
          ],
          [
            102.5362165,
            17.3195389
          ],
          [
            102.5364096,
            17.3199128
          ],
          [
            102.5366456,
            17.320174
          ],
          [
            102.5367636,
            17.3207117
          ],
          [
            102.5370748,
            17.3209626
          ],
          [
            102.5371821,
            17.3214133
          ],
          [
            102.5374717,
            17.3215516
          ],
          [
            102.5379706,
            17.3224631
          ],
          [
            102.5385983,
            17.3230008
          ],
          [
            102.5389121,
            17.3228907
          ],
          [
            102.5392527,
            17.323029
          ],
          [
            102.5397302,
            17.322965
          ],
          [
            102.5399501,
            17.3227934
          ],
          [
            102.5400869,
            17.3227653
          ],
          [
            102.5403927,
            17.3228882
          ],
          [
            102.5406475,
            17.3229215
          ],
          [
            102.5408594,
            17.3228139
          ],
          [
            102.5409398,
            17.3226936
          ],
          [
            102.5410391,
            17.3227397
          ],
          [
            102.5414307,
            17.3233567
          ],
          [
            102.541782,
            17.3233337
          ],
          [
            102.5421146,
            17.323303
          ],
          [
            102.5424419,
            17.323431
          ],
          [
            102.5426028,
            17.3235283
          ],
          [
            102.5428067,
            17.3232876
          ],
          [
            102.5430963,
            17.3233926
          ],
          [
            102.5432653,
            17.3236077
          ],
          [
            102.5433967,
            17.3236486
          ],
          [
            102.5435362,
            17.3234822
          ],
          [
            102.5436086,
            17.3233209
          ],
          [
            102.5438769,
            17.3232543
          ],
          [
            102.544078,
            17.3233952
          ],
          [
            102.5443006,
            17.3239021
          ],
          [
            102.544652,
            17.3246908
          ],
          [
            102.5448585,
            17.324998
          ],
          [
            102.5449551,
            17.3252695
          ],
          [
            102.5451455,
            17.3254769
          ],
          [
            102.5452555,
            17.3257252
          ],
          [
            102.5456122,
            17.3260197
          ],
          [
            102.5457115,
            17.3263167
          ],
          [
            102.5461487,
            17.3265574
          ],
          [
            102.5462828,
            17.3269722
          ],
          [
            102.546484,
            17.3270669
          ],
          [
            102.5466556,
            17.327428
          ],
          [
            102.5465671,
            17.3276507
          ],
          [
            102.5467254,
            17.3278351
          ],
          [
            102.5468782,
            17.3278786
          ],
          [
            102.5471706,
            17.3282908
          ],
          [
            102.5473423,
            17.3286775
          ],
          [
            102.5473584,
            17.3292024
          ],
          [
            102.5472028,
            17.3295096
          ],
          [
            102.5471626,
            17.3298194
          ],
          [
            102.5473154,
            17.3303495
          ],
          [
            102.54775,
            17.3305773
          ],
          [
            102.5480906,
            17.3305773
          ],
          [
            102.5484956,
            17.3306567
          ],
          [
            102.5489731,
            17.3309102
          ],
          [
            102.5493539,
            17.3308948
          ],
          [
            102.5495175,
            17.3308539
          ],
          [
            102.5496785,
            17.3310485
          ],
          [
            102.5500111,
            17.3313045
          ],
          [
            102.5502391,
            17.3314581
          ],
          [
            102.550349,
            17.3317167
          ],
          [
            102.5505448,
            17.3317731
          ],
          [
            102.5504939,
            17.3322595
          ],
          [
            102.5506736,
            17.3325796
          ],
          [
            102.5509793,
            17.3329969
          ],
          [
            102.5512637,
            17.3333708
          ],
          [
            102.5515802,
            17.3336037
          ],
          [
            102.5519235,
            17.3335065
          ],
          [
            102.5520254,
            17.3335679
          ],
          [
            102.5519047,
            17.3338137
          ],
          [
            102.5518028,
            17.3341926
          ],
          [
            102.551894,
            17.3343821
          ],
          [
            102.551894,
            17.3348583
          ],
          [
            102.5521354,
            17.3355957
          ],
          [
            102.5523821,
            17.3357596
          ],
          [
            102.5525216,
            17.3361641
          ],
          [
            102.5526772,
            17.3367428
          ],
          [
            102.5530688,
            17.3367991
          ],
          [
            102.5535087,
            17.3368785
          ],
          [
            102.5539512,
            17.3369425
          ],
          [
            102.5544367,
            17.3369758
          ],
          [
            102.5548364,
            17.3369783
          ],
          [
            102.5551153,
            17.336922
          ],
          [
            102.5553245,
            17.3370193
          ],
          [
            102.5554318,
            17.3370167
          ],
          [
            102.5555418,
            17.3369322
          ],
          [
            102.5555123,
            17.3367556
          ],
          [
            102.5555129,
            17.3366084
          ],
          [
            102.5556973,
            17.3364688
          ],
          [
            102.5558449,
            17.3364099
          ],
          [
            102.5560675,
            17.3361206
          ],
          [
            102.5563223,
            17.3359465
          ],
          [
            102.5566334,
            17.3359414
          ],
          [
            102.5573523,
            17.3360566
          ],
          [
            102.5574327,
            17.3361821
          ],
          [
            102.5574917,
            17.3367889
          ],
          [
            102.5576419,
            17.3369809
          ],
          [
            102.5582347,
            17.3370219
          ],
          [
            102.5588436,
            17.3369348
          ],
          [
            102.5747558,
            17.3393121
          ]
        ]
      },
      "id": "way/631218092"
    },
    {
      "type": "Feature",
      "properties": {
        "@id": "way/732662560",
        "note": "Actual direction of flow unknown.",
        "source": "Bing",
        "tunnel": "yes",
        "waterway": "stream"
      },
      "geometry": {
        "type": "LineString",
        "coordinates": [
          [
            102.0866154,
            17.3227602
          ],
          [
            102.086682,
            17.3225223
          ]
        ]
      },
      "id": "way/732662560"
    },
    {
      "type": "Feature",
      "properties": {
        "@id": "way/732662562",
        "note": "Actual direction of flow unknown.",
        "source": "Bing",
        "waterway": "stream"
      },
      "geometry": {
        "type": "LineString",
        "coordinates": [
          [
            102.086682,
            17.3225223
          ],
          [
            102.0867335,
            17.3224145
          ],
          [
            102.0868945,
            17.3223073
          ],
          [
            102.0868627,
            17.3220399
          ],
          [
            102.086608,
            17.3216996
          ],
          [
            102.086678,
            17.3214443
          ],
          [
            102.0869072,
            17.3211769
          ],
          [
            102.0870346,
            17.3211769
          ],
          [
            102.0872255,
            17.3213957
          ],
          [
            102.0873401,
            17.3213531
          ],
          [
            102.0875375,
            17.3211891
          ],
          [
            102.0876712,
            17.3210189
          ]
        ]
      },
      "id": "way/732662562"
    },
    {
      "type": "Feature",
      "properties": {
        "@id": "way/782623009",
        "source": "Bing",
        "waterway": "river"
      },
      "geometry": {
        "type": "LineString",
        "coordinates": [
          [
            102.4338263,
            17.0750083
          ],
          [
            102.4340879,
            17.0751504
          ],
          [
            102.4344089,
            17.0752616
          ],
          [
            102.4347093,
            17.0753129
          ],
          [
            102.4349561,
            17.0753298
          ],
          [
            102.4351715,
            17.0753075
          ],
          [
            102.4353852,
            17.075217
          ],
          [
            102.4355177,
            17.0752068
          ],
          [
            102.4356328,
            17.0752288
          ],
          [
            102.4358144,
            17.0753606
          ],
          [
            102.4361049,
            17.0755878
          ],
          [
            102.436265,
            17.0756888
          ],
          [
            102.4364152,
            17.0757196
          ],
          [
            102.4367414,
            17.075687
          ],
          [
            102.4369342,
            17.0756888
          ],
          [
            102.4370525,
            17.0756973
          ],
          [
            102.4371169,
            17.0757485
          ],
          [
            102.4372024,
            17.0760206
          ],
          [
            102.4373741,
            17.0763077
          ],
          [
            102.437696,
            17.0765913
          ],
          [
            102.4380071,
            17.0769026
          ],
          [
            102.4381254,
            17.0770203
          ],
          [
            102.4382217,
            17.0770528
          ],
          [
            102.4383504,
            17.0770221
          ],
          [
            102.4385009,
            17.0769177
          ],
          [
            102.4386546,
            17.0768562
          ],
          [
            102.438801,
            17.0768616
          ],
          [
            102.4389373,
            17.0769587
          ],
          [
            102.4390049,
            17.0770631
          ],
          [
            102.4390478,
            17.0771795
          ],
          [
            102.4390373,
            17.0773279
          ],
          [
            102.4390446,
            17.0774305
          ],
          [
            102.4390875,
            17.0775228
          ],
          [
            102.4391586,
            17.0775897
          ],
          [
            102.4392444,
            17.0775964
          ],
          [
            102.4393517,
            17.0775246
          ],
          [
            102.4394201,
            17.0774202
          ],
          [
            102.4396808,
            17.0772513
          ],
          [
            102.4398956,
            17.0771126
          ],
          [
            102.4400813,
            17.0770667
          ],
          [
            102.4402175,
            17.0770715
          ],
          [
            102.4403567,
            17.0771656
          ],
          [
            102.4404139,
            17.0772513
          ],
          [
            102.4405177,
            17.0772923
          ],
          [
            102.440611,
            17.0772767
          ],
          [
            102.4407,
            17.0771964
          ],
          [
            102.440743,
            17.0770733
          ],
          [
            102.440729,
            17.0769382
          ],
          [
            102.4406284,
            17.0768067
          ],
          [
            102.440346,
            17.0766769
          ],
          [
            102.4400456,
            17.07661
          ],
          [
            102.4398525,
            17.0765298
          ],
          [
            102.4397167,
            17.0763844
          ],
          [
            102.4396057,
            17.0761436
          ],
          [
            102.4395735,
            17.0759555
          ],
          [
            102.4396057,
            17.0757811
          ],
          [
            102.4397098,
            17.0755742
          ],
          [
            102.4400424,
            17.0752939
          ],
          [
            102.440332,
            17.0750511
          ],
          [
            102.4404318,
            17.0750117
          ],
          [
            102.4405608,
            17.0749999
          ],
          [
            102.4406754,
            17.0750375
          ],
          [
            102.4407612,
            17.0751229
          ],
          [
            102.440843,
            17.0753263
          ],
          [
            102.4409543,
            17.0754991
          ],
          [
            102.4410683,
            17.0755826
          ],
          [
            102.4411936,
            17.0756032
          ],
          [
            102.4413333,
            17.0755401
          ],
          [
            102.4414513,
            17.0753965
          ],
          [
            102.4415404,
            17.0750596
          ],
          [
            102.4415157,
            17.0749042
          ],
          [
            102.4414511,
            17.0747827
          ],
          [
            102.4412901,
            17.0746732
          ],
          [
            102.4408752,
            17.0744273
          ],
          [
            102.440725,
            17.0742976
          ],
          [
            102.4405855,
            17.0742258
          ],
          [
            102.4402602,
            17.0741914
          ],
          [
            102.4400169,
            17.074195
          ],
          [
            102.4398345,
            17.0741709
          ],
          [
            102.4393664,
            17.074053
          ],
          [
            102.4391948,
            17.0740563
          ],
          [
            102.4390438,
            17.0740989
          ],
          [
            102.4389295,
            17.0741776
          ],
          [
            102.438833,
            17.0742904
          ],
          [
            102.4387756,
            17.074434
          ],
          [
            102.4387013,
            17.0747504
          ],
          [
            102.4386468,
            17.0748237
          ],
          [
            102.4385824,
            17.0748578
          ],
          [
            102.438458,
            17.0748837
          ],
          [
            102.4382,
            17.074875
          ],
          [
            102.4379108,
            17.0748119
          ],
          [
            102.4378035,
            17.0747537
          ],
          [
            102.4377349,
            17.0746732
          ],
          [
            102.4377142,
            17.0745794
          ],
          [
            102.4377142,
            17.0744837
          ],
          [
            102.4377357,
            17.0743914
          ],
          [
            102.4377923,
            17.0743007
          ],
          [
            102.4378743,
            17.0741809
          ],
          [
            102.4378966,
            17.0741076
          ],
          [
            102.4378859,
            17.0740358
          ],
          [
            102.437843,
            17.0739709
          ],
          [
            102.4377496,
            17.0739263
          ],
          [
            102.4376531,
            17.0739145
          ],
          [
            102.4375171,
            17.0739181
          ],
          [
            102.4374385,
            17.0738922
          ],
          [
            102.4373886,
            17.0738307
          ],
          [
            102.4373526,
            17.0737094
          ],
          [
            102.4373205,
            17.0734922
          ],
          [
            102.4373239,
            17.0732992
          ],
          [
            102.4373419,
            17.0732171
          ],
          [
            102.4373848,
            17.0731469
          ],
          [
            102.4374814,
            17.0730751
          ],
          [
            102.4376101,
            17.073034
          ],
          [
            102.4377282,
            17.0730428
          ],
          [
            102.4378354,
            17.0730874
          ],
          [
            102.4379679,
            17.0732153
          ],
          [
            102.4381608,
            17.073453
          ],
          [
            102.4382753,
            17.073552
          ],
          [
            102.4384505,
            17.0736374
          ],
          [
            102.4387152,
            17.0736974
          ],
          [
            102.4388155,
            17.0736974
          ],
          [
            102.4388869,
            17.0736666
          ],
          [
            102.4389228,
            17.0736189
          ],
          [
            102.438955,
            17.073523
          ],
          [
            102.4389655,
            17.0734117
          ],
          [
            102.4389547,
            17.0732853
          ],
          [
            102.4387726,
            17.072552
          ],
          [
            102.4386938,
            17.0723879
          ],
          [
            102.4386079,
            17.0722836
          ],
          [
            102.4384794,
            17.0722138
          ],
          [
            102.43834,
            17.072183
          ],
          [
            102.4382217,
            17.0721982
          ],
          [
            102.4380642,
            17.07227
          ],
          [
            102.4379387,
            17.0723695
          ],
          [
            102.4377713,
            17.0724974
          ],
          [
            102.4376276,
            17.0725505
          ],
          [
            102.4375096,
            17.0725541
          ],
          [
            102.4374237,
            17.0725197
          ],
          [
            102.4373594,
            17.072431
          ],
          [
            102.4373164,
            17.0723146
          ],
          [
            102.4373057,
            17.0721438
          ],
          [
            102.4373095,
            17.0719797
          ],
          [
            102.4373915,
            17.0717197
          ],
          [
            102.4375026,
            17.0714874
          ],
          [
            102.4376426,
            17.0713249
          ],
          [
            102.437696,
            17.0712238
          ],
          [
            102.4376855,
            17.0711436
          ],
          [
            102.4376638,
            17.0711008
          ],
          [
            102.4375889,
            17.0710274
          ],
          [
            102.4374674,
            17.0709454
          ],
          [
            102.4372775,
            17.0708033
          ],
          [
            102.437192,
            17.0706923
          ],
          [
            102.4371273,
            17.0705572
          ],
          [
            102.4370847,
            17.0703813
          ],
          [
            102.4370665,
            17.070188
          ],
          [
            102.4370952,
            17.0699623
          ],
          [
            102.4371488,
            17.0696957
          ],
          [
            102.437181,
            17.0695521
          ],
          [
            102.4372059,
            17.0693367
          ],
          [
            102.4371917,
            17.0691829
          ],
          [
            102.4371705,
            17.0690583
          ],
          [
            102.4371273,
            17.0689059
          ],
          [
            102.4371703,
            17.0688034
          ],
          [
            102.4373419,
            17.0687144
          ],
          [
            102.4375029,
            17.0687008
          ],
          [
            102.4376638,
            17.0687624
          ],
          [
            102.4378462,
            17.0688888
          ],
          [
            102.4379465,
            17.0689283
          ],
          [
            102.4380932,
            17.0689454
          ],
          [
            102.4381895,
            17.0689162
          ],
          [
            102.4382431,
            17.068817
          ],
          [
            102.4382324,
            17.0686426
          ],
          [
            102.438079,
            17.0681898
          ],
          [
            102.4379215,
            17.0679231
          ],
          [
            102.4378859,
            17.0677693
          ],
          [
            102.4379065,
            17.0676683
          ],
          [
            102.4379854,
            17.0675931
          ],
          [
            102.4381356,
            17.0675419
          ],
          [
            102.4383287,
            17.0675213
          ],
          [
            102.4384537,
            17.0674631
          ],
          [
            102.4385438,
            17.067366
          ],
          [
            102.4387297,
            17.0668908
          ],
          [
            102.4387689,
            17.0667147
          ],
          [
            102.4387367,
            17.0666103
          ],
          [
            102.4386723,
            17.0665385
          ],
          [
            102.4385578,
            17.0664993
          ],
          [
            102.4384183,
            17.0665131
          ],
          [
            102.4382254,
            17.0665419
          ],
          [
            102.4381468,
            17.0665419
          ],
          [
            102.43805,
            17.0665008
          ],
          [
            102.4379679,
            17.0663847
          ],
          [
            102.4377603,
            17.066029
          ],
          [
            102.4376638,
            17.0658978
          ],
          [
            102.4375136,
            17.0658465
          ],
          [
            102.4373848,
            17.065826
          ],
          [
            102.4372668,
            17.0658821
          ],
          [
            102.4372381,
            17.0659557
          ],
          [
            102.437281,
            17.0660583
          ],
          [
            102.4373135,
            17.0661624
          ],
          [
            102.437281,
            17.0662362
          ],
          [
            102.4372024,
            17.0662737
          ],
          [
            102.4371059,
            17.0662772
          ],
          [
            102.4369806,
            17.0662157
          ],
          [
            102.4368269,
            17.0662055
          ],
          [
            102.436548,
            17.0663147
          ],
          [
            102.4360904,
            17.0665488
          ],
          [
            102.4359472,
            17.0665916
          ],
          [
            102.4358294,
            17.0665726
          ],
          [
            102.4357326,
            17.0664993
          ],
          [
            102.4357004,
            17.066366
          ],
          [
            102.4357323,
            17.0659214
          ],
          [
            102.4357508,
            17.0656942
          ],
          [
            102.435783,
            17.0655539
          ],
          [
            102.4358581,
            17.0654583
          ],
          [
            102.4360113,
            17.0653983
          ],
          [
            102.4361829,
            17.0653778
          ],
          [
            102.4364911,
            17.0654308
          ],
          [
            102.4366126,
            17.0654275
          ],
          [
            102.4367907,
            17.0653675
          ],
          [
            102.4369525,
            17.0652429
          ],
          [
            102.4370375,
            17.0650803
          ],
          [
            102.4370383,
            17.0649488
          ],
          [
            102.4369624,
            17.0648272
          ],
          [
            102.4367808,
            17.0647608
          ],
          [
            102.4364624,
            17.0647711
          ],
          [
            102.4360435,
            17.0648444
          ],
          [
            102.4352358,
            17.0650719
          ],
          [
            102.4349239,
            17.0652444
          ],
          [
            102.4347316,
            17.065448
          ],
          [
            102.4346771,
            17.065576
          ],
          [
            102.4346887,
            17.065766
          ],
          [
            102.4347777,
            17.0659285
          ],
          [
            102.43491,
            17.0660685
          ],
          [
            102.4349708,
            17.0661814
          ],
          [
            102.4349743,
            17.0663044
          ],
          [
            102.4349172,
            17.0663983
          ],
          [
            102.4348421,
            17.0664393
          ],
          [
            102.4347348,
            17.066436
          ],
          [
            102.4344988,
            17.0663557
          ],
          [
            102.4339913,
            17.0662206
          ],
          [
            102.4337652,
            17.0661234
          ],
          [
            102.4335721,
            17.0659901
          ],
          [
            102.4334691,
            17.0658547
          ],
          [
            102.4334042,
            17.0656824
          ],
          [
            102.4333934,
            17.0655352
          ],
          [
            102.4334471,
            17.0653096
          ],
          [
            102.4335546,
            17.0651249
          ],
          [
            102.4338478,
            17.0649506
          ],
          [
            102.433998,
            17.0648721
          ],
          [
            102.4341447,
            17.0648583
          ],
          [
            102.4344344,
            17.0649234
          ],
          [
            102.4345631,
            17.0649542
          ],
          [
            102.4346707,
            17.0649316
          ],
          [
            102.4347455,
            17.0648583
          ],
          [
            102.434767,
            17.0647249
          ],
          [
            102.4347351,
            17.064559
          ],
          [
            102.4346383,
            17.0643762
          ],
          [
            102.4343486,
            17.0640854
          ],
          [
            102.4340195,
            17.0636993
          ],
          [
            102.4336472,
            17.0631147
          ],
          [
            102.4334648,
            17.0628547
          ],
          [
            102.4334326,
            17.0627454
          ],
          [
            102.4334798,
            17.0626172
          ],
          [
            102.4335506,
            17.0625162
          ],
          [
            102.4339409,
            17.0622803
          ],
          [
            102.4341415,
            17.062159
          ],
          [
            102.4342413,
            17.0620341
          ],
          [
            102.4342703,
            17.0619128
          ],
          [
            102.434234,
            17.0617572
          ],
          [
            102.4341093,
            17.0616257
          ],
          [
            102.4339122,
            17.0614736
          ],
          [
            102.4338336,
            17.0613674
          ],
          [
            102.4337909,
            17.0612462
          ],
          [
            102.4338017,
            17.0610103
          ],
          [
            102.4338263,
            17.0608513
          ],
          [
            102.4337834,
            17.0606838
          ],
          [
            102.4336834,
            17.060559
          ],
          [
            102.4335117,
            17.0604787
          ],
          [
            102.4333401,
            17.0604513
          ],
          [
            102.4331899,
            17.0604256
          ],
          [
            102.4331148,
            17.0603882
          ],
          [
            102.4329863,
            17.0603128
          ],
          [
            102.4328787,
            17.0601641
          ],
          [
            102.4326215,
            17.0596564
          ],
          [
            102.4323745,
            17.0592751
          ],
          [
            102.4322564,
            17.0591761
          ],
          [
            102.4320601,
            17.059082
          ],
          [
            102.4318415,
            17.0590084
          ],
          [
            102.4317415,
            17.0589469
          ],
          [
            102.4316913,
            17.0588479
          ],
          [
            102.4317061,
            17.0587402
          ],
          [
            102.4317954,
            17.0586068
          ],
          [
            102.431999,
            17.0584648
          ],
          [
            102.4323138,
            17.0582786
          ],
          [
            102.4324925,
            17.0581673
          ],
          [
            102.4325783,
            17.0580684
          ],
          [
            102.4326215,
            17.0579709
          ],
          [
            102.4326105,
            17.0578494
          ],
          [
            102.4325282,
            17.0577504
          ],
          [
            102.4324067,
            17.0577058
          ],
          [
            102.4321205,
            17.0577058
          ],
          [
            102.4317307,
            17.0577504
          ],
          [
            102.4315411,
            17.0578017
          ],
          [
            102.4314306,
            17.0578683
          ],
          [
            102.4313694,
            17.0579453
          ],
          [
            102.4313123,
            17.0580853
          ],
          [
            102.4312589,
            17.0582068
          ],
          [
            102.4311549,
            17.0583007
          ],
          [
            102.431069,
            17.058335
          ],
          [
            102.4309583,
            17.0583417
          ],
          [
            102.4308869,
            17.058323
          ],
          [
            102.4308333,
            17.0582684
          ],
          [
            102.4307866,
            17.0581402
          ],
          [
            102.4307759,
            17.0580068
          ],
          [
            102.4307973,
            17.0578801
          ],
          [
            102.4308617,
            17.057716
          ],
          [
            102.4310583,
            17.0574083
          ],
          [
            102.4311943,
            17.0571519
          ],
          [
            102.431234,
            17.0569896
          ],
          [
            102.4312125,
            17.0568734
          ],
          [
            102.4311374,
            17.0567811
          ],
          [
            102.4309904,
            17.0567519
          ],
          [
            102.4308115,
            17.0567621
          ],
          [
            102.4306149,
            17.0568237
          ],
          [
            102.4303757,
            17.0569383
          ],
          [
            102.4301536,
            17.0570904
          ],
          [
            102.4300034,
            17.0571519
          ],
          [
            102.4298929,
            17.0571504
          ],
          [
            102.4298178,
            17.0571229
          ],
          [
            102.4297856,
            17.0570478
          ],
          [
            102.4297888,
            17.0569468
          ],
          [
            102.42985,
            17.0568324
          ],
          [
            102.4299962,
            17.0566596
          ],
          [
            102.4301214,
            17.0564544
          ],
          [
            102.4301571,
            17.0563006
          ],
          [
            102.4301646,
            17.0561349
          ],
          [
            102.4301324,
            17.0560016
          ],
          [
            102.4300356,
            17.0558698
          ],
          [
            102.429832,
            17.0557965
          ],
          [
            102.4293953,
            17.0557093
          ],
          [
            102.4290271,
            17.0556718
          ],
          [
            102.4288232,
            17.0556785
          ],
          [
            102.4285909,
            17.0557382
          ],
          [
            102.4283619,
            17.0558323
          ],
          [
            102.4282154,
            17.0558749
          ],
          [
            102.4281151,
            17.0558734
          ],
          [
            102.4280545,
            17.0558441
          ],
          [
            102.4279472,
            17.0557485
          ],
          [
            102.4277825,
            17.0555862
          ],
          [
            102.4275679,
            17.0554426
          ],
          [
            102.4272067,
            17.0552544
          ],
          [
            102.4268207,
            17.0550579
          ],
          [
            102.4265093,
            17.0548884
          ],
          [
            102.4262091,
            17.0546202
          ],
          [
            102.4260404,
            17.0544371
          ],
          [
            102.4259656,
            17.0543107
          ],
          [
            102.4259334,
            17.054181
          ],
          [
            102.4259232,
            17.0540287
          ],
          [
            102.4259656,
            17.0539143
          ],
          [
            102.4260442,
            17.0538389
          ],
          [
            102.4261515,
            17.0538184
          ],
          [
            102.4262872,
            17.0538389
          ],
          [
            102.4264597,
            17.0538715
          ],
          [
            102.4266305,
            17.0538594
          ],
          [
            102.4267807,
            17.053822
          ],
          [
            102.4268781,
            17.0537689
          ],
          [
            102.4269776,
            17.053644
          ],
          [
            102.4270275,
            17.0534835
          ],
          [
            102.4270168,
            17.0533366
          ],
          [
            102.4269095,
            17.0531006
          ],
          [
            102.4268022,
            17.0528681
          ],
          [
            102.4267214,
            17.0526268
          ],
          [
            102.4266198,
            17.0523211
          ],
          [
            102.4265447,
            17.0518936
          ],
          [
            102.4264704,
            17.051581
          ],
          [
            102.4264626,
            17.051398
          ],
          [
            102.4265026,
            17.0512528
          ],
          [
            102.4266128,
            17.0511038
          ],
          [
            102.42677,
            17.0510184
          ],
          [
            102.4269239,
            17.0510013
          ],
          [
            102.4271385,
            17.0510389
          ],
          [
            102.4274931,
            17.0511331
          ],
          [
            102.4276605,
            17.0511313
          ],
          [
            102.427786,
            17.05108
          ],
          [
            102.4279148,
            17.050991
          ],
          [
            102.4280186,
            17.0508561
          ],
          [
            102.428158,
            17.0506817
          ],
          [
            102.4283297,
            17.0505656
          ],
          [
            102.4285335,
            17.0505056
          ],
          [
            102.4287484,
            17.0504938
          ],
          [
            102.4290413,
            17.0505297
          ],
          [
            102.4292129,
            17.0505261
          ],
          [
            102.4293994,
            17.0504527
          ],
          [
            102.4295281,
            17.0503912
          ],
          [
            102.4296279,
            17.0503004
          ],
          [
            102.4297137,
            17.0501261
          ],
          [
            102.4298459,
            17.0497876
          ],
          [
            102.4298996,
            17.0495209
          ],
          [
            102.4299178,
            17.0489757
          ],
          [
            102.4299787,
            17.0485551
          ],
          [
            102.4300573,
            17.0481346
          ],
          [
            102.4300967,
            17.0476661
          ],
          [
            102.4300895,
            17.0474199
          ],
          [
            102.4301182,
            17.0473004
          ],
          [
            102.4302072,
            17.047254
          ],
          [
            102.4303132,
            17.0472442
          ],
          [
            102.4303896,
            17.0472027
          ],
          [
            102.4304146,
            17.0471206
          ],
          [
            102.4303971,
            17.0470337
          ],
          [
            102.4302933,
            17.0469378
          ],
          [
            102.4301504,
            17.0469001
          ],
          [
            102.4299607,
            17.0468865
          ],
          [
            102.4298889,
            17.0468437
          ],
          [
            102.4298317,
            17.0467514
          ],
          [
            102.4298138,
            17.0466591
          ],
          [
            102.4298425,
            17.046536
          ],
          [
            102.4300498,
            17.0462385
          ],
          [
            102.4301965,
            17.046119
          ],
          [
            102.4303395,
            17.0460641
          ],
          [
            102.4305184,
            17.0460557
          ],
          [
            102.4306579,
            17.0460967
          ],
          [
            102.4307544,
            17.0461685
          ],
          [
            102.4308437,
            17.0462795
          ],
          [
            102.4309475,
            17.0463206
          ],
          [
            102.4310444,
            17.0463154
          ],
          [
            102.4311407,
            17.0462385
          ],
          [
            102.4311943,
            17.0460985
          ],
          [
            102.4311656,
            17.0459513
          ],
          [
            102.4311085,
            17.0458318
          ],
          [
            102.4309904,
            17.0457087
          ],
          [
            102.4308545,
            17.0455753
          ],
          [
            102.4305828,
            17.0451445
          ],
          [
            102.4305506,
            17.045035
          ],
          [
            102.4305506,
            17.0449394
          ],
          [
            102.4305828,
            17.0448607
          ],
          [
            102.4306579,
            17.0447958
          ],
          [
            102.4307866,
            17.0447565
          ],
          [
            102.4310334,
            17.0447958
          ],
          [
            102.431205,
            17.0448368
          ],
          [
            102.4314124,
            17.044946
          ],
          [
            102.4316988,
            17.0452317
          ],
          [
            102.431999,
            17.0455189
          ],
          [
            102.432228,
            17.0456215
          ],
          [
            102.4323959,
            17.0456369
          ],
          [
            102.4325499,
            17.0456146
          ],
          [
            102.4326354,
            17.0455615
          ],
          [
            102.4326749,
            17.0454794
          ],
          [
            102.4326859,
            17.0451427
          ],
          [
            102.4326749,
            17.0449804
          ],
          [
            102.4327071,
            17.0448742
          ],
          [
            102.432761,
            17.0447701
          ],
          [
            102.4328465,
            17.0446794
          ],
          [
            102.4329324,
            17.0446383
          ],
          [
            102.4330289,
            17.0446486
          ],
          [
            102.4330968,
            17.0447035
          ],
          [
            102.4331469,
            17.0448024
          ],
          [
            102.4331899,
            17.044883
          ],
          [
            102.4332864,
            17.0449548
          ],
          [
            102.4333653,
            17.0449855
          ],
          [
            102.4334723,
            17.0449804
          ],
          [
            102.4340482,
            17.0448676
          ],
          [
            102.4341804,
            17.0448537
          ],
          [
            102.434277,
            17.0448573
          ],
          [
            102.4344129,
            17.0448845
          ],
          [
            102.434565,
            17.044875
          ],
          [
            102.4347061,
            17.0448265
          ],
          [
            102.4348389,
            17.0447222
          ],
          [
            102.434914,
            17.0445991
          ],
          [
            102.4349676,
            17.0444488
          ],
          [
            102.4350065,
            17.0441972
          ],
          [
            102.4350355,
            17.0439836
          ],
          [
            102.4351854,
            17.0436023
          ],
          [
            102.4353034,
            17.0433766
          ],
          [
            102.4353391,
            17.043233
          ],
          [
            102.4353391,
            17.0430792
          ],
          [
            102.4353034,
            17.0429476
          ],
          [
            102.4352104,
            17.0428432
          ],
          [
            102.4350674,
            17.0427817
          ],
          [
            102.4348957,
            17.0427509
          ],
          [
            102.4346812,
            17.0427099
          ],
          [
            102.4345237,
            17.0426791
          ],
          [
            102.43437,
            17.042597
          ],
          [
            102.4341125,
            17.0423714
          ],
          [
            102.4339731,
            17.042197
          ],
          [
            102.4338765,
            17.0420226
          ],
          [
            102.4338196,
            17.0418159
          ],
          [
            102.4337692,
            17.0413079
          ],
          [
            102.4337909,
            17.0410774
          ],
          [
            102.4338478,
            17.040925
          ],
          [
            102.4339377,
            17.0407696
          ],
          [
            102.4339698,
            17.0406568
          ],
          [
            102.4339516,
            17.0404975
          ],
          [
            102.4338907,
            17.0404052
          ],
          [
            102.4337907,
            17.0403539
          ],
          [
            102.4336869,
            17.0403129
          ],
          [
            102.4336051,
            17.040267
          ],
          [
            102.4335152,
            17.0401557
          ],
          [
            102.4334369,
            17.0401062
          ],
          [
            102.4333293,
            17.0401044
          ],
          [
            102.4330217,
            17.0401488
          ],
          [
            102.4328393,
            17.0401454
          ],
          [
            102.4326824,
            17.0401165
          ],
          [
            102.432496,
            17.0400154
          ],
          [
            102.4323745,
            17.0398923
          ],
          [
            102.4322886,
            17.0397249
          ],
          [
            102.4322385,
            17.039482
          ],
          [
            102.4322385,
            17.0391915
          ],
          [
            102.4322886,
            17.0389453
          ],
          [
            102.4325139,
            17.0382462
          ],
          [
            102.4326357,
            17.0380069
          ],
          [
            102.4328146,
            17.037504
          ],
          [
            102.4328575,
            17.0372442
          ],
          [
            102.4328573,
            17.0370855
          ],
          [
            102.4328178,
            17.0369383
          ],
          [
            102.4326931,
            17.0367416
          ],
          [
            102.4320743,
            17.0359825
          ],
          [
            102.4318241,
            17.0355824
          ],
          [
            102.4313091,
            17.0349841
          ],
          [
            102.4310476,
            17.0346882
          ],
          [
            102.4307364,
            17.0344523
          ],
          [
            102.4306364,
            17.0343394
          ],
          [
            102.4305862,
            17.0342471
          ],
          [
            102.4305828,
            17.0341548
          ],
          [
            102.4306471,
            17.0340727
          ],
          [
            102.431087,
            17.033765
          ],
          [
            102.4314875,
            17.0335495
          ],
          [
            102.4319346,
            17.033399
          ],
          [
            102.4322243,
            17.0333033
          ],
          [
            102.4323887,
            17.0332623
          ],
          [
            102.432496,
            17.0331905
          ],
          [
            102.4325282,
            17.033129
          ],
          [
            102.4325461,
            17.0329751
          ],
          [
            102.4325,
            17.032782
          ],
          [
            102.4324174,
            17.0326399
          ],
          [
            102.432264,
            17.0324914
          ],
          [
            102.431999,
            17.0323288
          ],
          [
            102.4319059,
            17.0322262
          ],
          [
            102.4318777,
            17.0320947
          ],
          [
            102.4319134,
            17.031999
          ],
          [
            102.4319957,
            17.0319375
          ],
          [
            102.4321744,
            17.0318792
          ],
          [
            102.4323672,
            17.0317954
          ],
          [
            102.4325998,
            17.0316415
          ],
          [
            102.4327215,
            17.0315135
          ],
          [
            102.4327929,
            17.0313645
          ],
          [
            102.4328575,
            17.0311645
          ],
          [
            102.4329538,
            17.0310363
          ],
          [
            102.4330718,
            17.0309439
          ],
          [
            102.4332113,
            17.030915
          ],
          [
            102.433383,
            17.0309234
          ],
          [
            102.4335761,
            17.0309645
          ],
          [
            102.4336941,
            17.0309662
          ],
          [
            102.4338159,
            17.0309355
          ],
          [
            102.433898,
            17.0308755
          ],
          [
            102.4339409,
            17.0308003
          ],
          [
            102.4339409,
            17.0306688
          ],
          [
            102.4338765,
            17.0302874
          ],
          [
            102.4338443,
            17.0299591
          ],
          [
            102.4338481,
            17.0296019
          ],
          [
            102.4338049,
            17.0294462
          ],
          [
            102.4337298,
            17.0293436
          ],
          [
            102.4336405,
            17.0293059
          ],
          [
            102.4334903,
            17.0293216
          ],
          [
            102.4333079,
            17.0293777
          ],
          [
            102.4332148,
            17.0293777
          ],
          [
            102.4331397,
            17.0293367
          ],
          [
            102.4330646,
            17.0292546
          ],
          [
            102.4330075,
            17.0291179
          ],
          [
            102.433022,
            17.0289728
          ],
          [
            102.4330861,
            17.0287794
          ],
          [
            102.4331075,
            17.028605
          ],
          [
            102.4330826,
            17.0283896
          ],
          [
            102.4330539,
            17.0282255
          ],
          [
            102.4330182,
            17.0281229
          ],
          [
            102.4330399,
            17.028029
          ],
          [
            102.4330794,
            17.0279572
          ],
          [
            102.4331791,
            17.0278562
          ],
          [
            102.4332296,
            17.0277418
          ],
          [
            102.433247,
            17.0276235
          ],
          [
            102.4332255,
            17.0274663
          ],
          [
            102.4331684,
            17.0273227
          ],
          [
            102.4330182,
            17.0271893
          ],
          [
            102.4328036,
            17.0270662
          ],
          [
            102.4326108,
            17.0270237
          ],
          [
            102.4323959,
            17.0270252
          ],
          [
            102.432217,
            17.0270285
          ],
          [
            102.4320741,
            17.0270252
          ],
          [
            102.431999,
            17.0269739
          ],
          [
            102.4319775,
            17.0268849
          ],
          [
            102.4319882,
            17.0267995
          ],
          [
            102.4320421,
            17.0266954
          ],
          [
            102.4322278,
            17.0265636
          ],
          [
            102.4324713,
            17.0264184
          ],
          [
            102.4328004,
            17.0262748
          ],
          [
            102.4329216,
            17.0261976
          ],
          [
            102.4329753,
            17.0261053
          ],
          [
            102.4329828,
            17.0259978
          ],
          [
            102.4329538,
            17.0259001
          ],
          [
            102.4328787,
            17.0258385
          ],
          [
            102.4327607,
            17.0258283
          ],
          [
            102.4326247,
            17.0258488
          ],
          [
            102.4324678,
            17.0258747
          ],
          [
            102.4323391,
            17.0258644
          ],
          [
            102.4321813,
            17.025825
          ],
          [
            102.4320387,
            17.0258132
          ],
          [
            102.4319206,
            17.0258542
          ],
          [
            102.4317919,
            17.0259499
          ],
          [
            102.4315591,
            17.0263276
          ],
          [
            102.4314341,
            17.0265005
          ],
          [
            102.4313552,
            17.0265669
          ],
          [
            102.4312302,
            17.0266133
          ],
          [
            102.4309261,
            17.0266954
          ],
          [
            102.4306364,
            17.0267721
          ],
          [
            102.4304146,
            17.0267823
          ],
          [
            102.4302646,
            17.0267398
          ],
          [
            102.4301785,
            17.02669
          ],
          [
            102.4301217,
            17.0265756
          ],
          [
            102.4301252,
            17.0264594
          ],
          [
            102.4301785,
            17.0263276
          ],
          [
            102.4302322,
            17.026225
          ],
          [
            102.430229,
            17.0261107
          ],
          [
            102.4301785,
            17.0259822
          ],
          [
            102.4301107,
            17.0259104
          ],
          [
            102.429939,
            17.0258455
          ],
          [
            102.4298105,
            17.0258029
          ],
          [
            102.429689,
            17.0257311
          ],
          [
            102.4296282,
            17.025608
          ],
          [
            102.4296172,
            17.0254659
          ],
          [
            102.4296708,
            17.0253223
          ],
          [
            102.4297708,
            17.02523
          ],
          [
            102.4299036,
            17.0251874
          ],
          [
            102.4300753,
            17.0251976
          ],
          [
            102.4301965,
            17.0252333
          ],
          [
            102.4303073,
            17.0253051
          ],
          [
            102.4303899,
            17.0253754
          ],
          [
            102.430465,
            17.0254131
          ],
          [
            102.4305473,
            17.0254028
          ],
          [
            102.430583,
            17.025331
          ],
          [
            102.430601,
            17.0251907
          ],
          [
            102.4306152,
            17.0249925
          ],
          [
            102.4306257,
            17.0248537
          ],
          [
            102.4306935,
            17.0247478
          ],
          [
            102.4307834,
            17.0246778
          ],
          [
            102.4309403,
            17.024628
          ],
          [
            102.431087,
            17.0245939
          ],
          [
            102.4312192,
            17.0245118
          ],
          [
            102.4313373,
            17.0243613
          ],
          [
            102.4314057,
            17.0241854
          ],
          [
            102.4314521,
            17.0238673
          ],
          [
            102.4314411,
            17.0237458
          ],
          [
            102.4313842,
            17.0236519
          ],
          [
            102.4312943,
            17.0235988
          ],
          [
            102.4311763,
            17.0235783
          ],
          [
            102.4309583,
            17.0235578
          ],
          [
            102.4306364,
            17.0235065
          ],
          [
            102.430436,
            17.0234655
          ],
          [
            102.4303145,
            17.0234072
          ],
          [
            102.4302577,
            17.0233375
          ],
          [
            102.4302429,
            17.0232192
          ],
          [
            102.4302612,
            17.0230979
          ],
          [
            102.4303435,
            17.0229371
          ],
          [
            102.4306257,
            17.0226345
          ],
          [
            102.4309296,
            17.0224019
          ],
          [
            102.4310551,
            17.0222772
          ],
          [
            102.431098,
            17.0221644
          ],
          [
            102.4310945,
            17.0220208
          ],
          [
            102.4310301,
            17.0219182
          ],
          [
            102.4308585,
            17.0218394
          ],
          [
            102.4306975,
            17.0218053
          ],
          [
            102.4305903,
            17.0217984
          ],
          [
            102.4305076,
            17.021783
          ],
          [
            102.4304401,
            17.0217266
          ],
          [
            102.4303971,
            17.0216104
          ],
          [
            102.4304006,
            17.0214052
          ],
          [
            102.4304969,
            17.0210957
          ],
          [
            102.4306868,
            17.0207864
          ],
          [
            102.4308295,
            17.020634
          ],
          [
            102.4310441,
            17.0204835
          ],
          [
            102.4312589,
            17.0203863
          ],
          [
            102.4314196,
            17.020357
          ],
          [
            102.4315483,
            17.0203604
          ],
          [
            102.4316699,
            17.0204083
          ],
          [
            102.4318166,
            17.0205094
          ],
          [
            102.4319346,
            17.0205435
          ],
          [
            102.4320419,
            17.0205402
          ],
          [
            102.4321636,
            17.0205299
          ],
          [
            102.4323316,
            17.0205504
          ],
          [
            102.4324284,
            17.0205845
          ],
          [
            102.432471,
            17.0206461
          ],
          [
            102.4325032,
            17.0207605
          ],
          [
            102.432496,
            17.0208836
          ],
          [
            102.4324531,
            17.0210854
          ],
          [
            102.4324316,
            17.021188
          ],
          [
            102.4324496,
            17.0212685
          ],
          [
            102.4325139,
            17.0213144
          ],
          [
            102.4326212,
            17.021335
          ],
          [
            102.4327929,
            17.0213214
          ],
          [
            102.433022,
            17.0212275
          ],
          [
            102.4331507,
            17.0211282
          ],
          [
            102.4332006,
            17.0210169
          ],
          [
            102.4332113,
            17.0209315
          ],
          [
            102.4331791,
            17.0206374
          ],
          [
            102.4331719,
            17.0204596
          ],
          [
            102.4332148,
            17.0201108
          ],
          [
            102.4332148,
            17.0199159
          ],
          [
            102.4331719,
            17.0197518
          ],
          [
            102.4330397,
            17.0195568
          ],
          [
            102.4328929,
            17.0193619
          ],
          [
            102.4328178,
            17.0191806
          ],
          [
            102.4327392,
            17.018931
          ],
          [
            102.4327038,
            17.0185909
          ],
          [
            102.4326931,
            17.0184268
          ],
          [
            102.432632,
            17.018295
          ],
          [
            102.4325247,
            17.0181855
          ],
          [
            102.432353,
            17.0181206
          ],
          [
            102.4321958,
            17.0181018
          ],
          [
            102.4319453,
            17.0181103
          ],
          [
            102.4317235,
            17.0181034
          ],
          [
            102.4315054,
            17.0180693
          ],
          [
            102.4306938,
            17.0178626
          ],
          [
            102.4300466,
            17.0177359
          ],
          [
            102.4297711,
            17.0177051
          ],
          [
            102.4296528,
            17.0176558
          ],
          [
            102.4295742,
            17.0175804
          ],
          [
            102.4294707,
            17.017394
          ],
          [
            102.4294026,
            17.0173137
          ],
          [
            102.4293167,
            17.0172914
          ],
          [
            102.4292416,
            17.0173119
          ],
          [
            102.4291773,
            17.0173855
          ],
          [
            102.4291451,
            17.0175497
          ],
          [
            102.4291344,
            17.017859
          ],
          [
            102.4290914,
            17.0179498
          ],
          [
            102.4290056,
            17.017989
          ],
          [
            102.4288986,
            17.017989
          ],
          [
            102.4288128,
            17.0179308
          ],
          [
            102.4287374,
            17.0177892
          ],
          [
            102.4286194,
            17.0173855
          ],
          [
            102.4285765,
            17.0170505
          ],
          [
            102.428584,
            17.0168161
          ],
          [
            102.4286591,
            17.0165597
          ],
          [
            102.4286443,
            17.016397
          ],
          [
            102.4285947,
            17.0162724
          ],
          [
            102.4285089,
            17.0161903
          ],
          [
            102.4284051,
            17.0161698
          ],
          [
            102.4282836,
            17.0161937
          ],
          [
            102.428187,
            17.0162724
          ],
          [
            102.4280542,
            17.0164278
          ],
          [
            102.4279113,
            17.0165304
          ],
          [
            102.4277364,
            17.0165802
          ],
          [
            102.4275894,
            17.0165817
          ],
          [
            102.4274856,
            17.0165304
          ],
          [
            102.427432,
            17.0164106
          ],
          [
            102.4274073,
            17.0162621
          ],
          [
            102.4274285,
            17.0160995
          ],
          [
            102.4274821,
            17.01585
          ],
          [
            102.4275747,
            17.0155353
          ],
          [
            102.4276036,
            17.0153768
          ],
          [
            102.4275392,
            17.0151921
          ],
          [
            102.4274105,
            17.0151111
          ],
          [
            102.4272742,
            17.0151044
          ],
          [
            102.427167,
            17.0151865
          ],
          [
            102.4270672,
            17.0153778
          ],
          [
            102.4268277,
            17.0158243
          ],
          [
            102.426774,
            17.0159528
          ],
          [
            102.4267346,
            17.0161852
          ],
          [
            102.4266989,
            17.016245
          ],
          [
            102.4266276,
            17.0162791
          ],
          [
            102.4265629,
            17.0162811
          ],
          [
            102.4264774,
            17.0162175
          ],
          [
            102.4263985,
            17.0161013
          ],
          [
            102.4262588,
            17.0157805
          ],
          [
            102.4258366,
            17.0147145
          ],
          [
            102.4255936,
            17.0142483
          ],
          [
            102.4253581,
            17.0138651
          ],
          [
            102.4253001,
            17.0136753
          ],
          [
            102.4252937,
            17.0135301
          ],
          [
            102.4253795,
            17.0133521
          ],
          [
            102.4255721,
            17.0130854
          ],
          [
            102.4256864,
            17.0128956
          ],
          [
            102.4257508,
            17.012636
          ],
          [
            102.4258516,
            17.0124903
          ],
          [
            102.4260088,
            17.0124288
          ],
          [
            102.4261515,
            17.0124698
          ],
          [
            102.4263446,
            17.0126068
          ],
          [
            102.4265023,
            17.0128325
          ],
          [
            102.4266311,
            17.0130443
          ],
          [
            102.4267593,
            17.0131213
          ],
          [
            102.4268955,
            17.0131213
          ],
          [
            102.4270597,
            17.0130392
          ],
          [
            102.4271101,
            17.0129027
          ],
          [
            102.4271031,
            17.0127299
          ],
          [
            102.4269459,
            17.0122236
          ],
          [
            102.4267523,
            17.0118271
          ],
          [
            102.426409,
            17.0114167
          ],
          [
            102.4260871,
            17.0111089
          ],
          [
            102.4254364,
            17.0105969
          ],
          [
            102.4251574,
            17.0103851
          ],
          [
            102.4249429,
            17.0101594
          ],
          [
            102.4247787,
            17.009946
          ],
          [
            102.4244204,
            17.0092976
          ],
          [
            102.4242487,
            17.0090991
          ],
          [
            102.4240561,
            17.0089954
          ],
          [
            102.4234977,
            17.0088118
          ],
          [
            102.4233121,
            17.0087846
          ],
          [
            102.4231335,
            17.0088313
          ],
          [
            102.4230047,
            17.0089134
          ],
          [
            102.4229258,
            17.0090431
          ],
          [
            102.42284,
            17.0091129
          ],
          [
            102.4227113,
            17.0091334
          ],
          [
            102.422575,
            17.0090924
          ],
          [
            102.4223894,
            17.0089134
          ],
          [
            102.4222317,
            17.0086205
          ],
          [
            102.4220815,
            17.0082306
          ],
          [
            102.4219962,
            17.0079556
          ],
          [
            102.4219318,
            17.0076001
          ],
          [
            102.4218884,
            17.0072867
          ],
          [
            102.421853,
            17.006964
          ],
          [
            102.4218025,
            17.0067327
          ],
          [
            102.4216523,
            17.0064726
          ],
          [
            102.4214238,
            17.0062264
          ],
          [
            102.4211379,
            17.0059724
          ],
          [
            102.4210805,
            17.0058698
          ],
          [
            102.4210805,
            17.0057478
          ],
          [
            102.4211234,
            17.0056452
          ],
          [
            102.4212232,
            17.0056246
          ],
          [
            102.4213519,
            17.0056518
          ],
          [
            102.4215021,
            17.0056518
          ],
          [
            102.4216169,
            17.0055836
          ],
          [
            102.4216529,
            17.0054595
          ],
          [
            102.4215665,
            17.0053168
          ],
          [
            102.4213948,
            17.0051732
          ],
          [
            102.4211234,
            17.0050157
          ],
          [
            102.4207157,
            17.0048644
          ],
          [
            102.4205365,
            17.0047833
          ],
          [
            102.4204512,
            17.0046797
          ],
          [
            102.4204083,
            17.0045433
          ],
          [
            102.4204083,
            17.0043791
          ],
          [
            102.4204942,
            17.0042488
          ],
          [
            102.4206299,
            17.0041667
          ],
          [
            102.420794,
            17.0041267
          ],
          [
            102.4209657,
            17.0040241
          ],
          [
            102.4212232,
            17.0037163
          ],
          [
            102.4213734,
            17.0036137
          ],
          [
            102.4215021,
            17.0035932
          ],
          [
            102.4216094,
            17.0036342
          ],
          [
            102.4217167,
            17.0037368
          ],
          [
            102.4218101,
            17.0038451
          ],
          [
            102.4219957,
            17.0039282
          ],
          [
            102.4222102,
            17.0039897
          ],
          [
            102.4223395,
            17.0040503
          ],
          [
            102.4224683,
            17.0041529
          ],
          [
            102.4226394,
            17.0042565
          ],
          [
            102.4227896,
            17.0042909
          ],
          [
            102.4229183,
            17.0042498
          ],
          [
            102.4230042,
            17.0041472
          ],
          [
            102.4230471,
            17.003942
          ],
          [
            102.4230117,
            17.0035588
          ],
          [
            102.4229398,
            17.0033264
          ],
          [
            102.4228754,
            17.0032033
          ],
          [
            102.4228111,
            17.0030458
          ],
          [
            102.4228186,
            17.0028955
          ],
          [
            102.4229183,
            17.0027314
          ],
          [
            102.4230331,
            17.0026277
          ],
          [
            102.423348,
            17.0025046
          ],
          [
            102.4240202,
            17.0023825
          ],
          [
            102.4242916,
            17.0023071
          ],
          [
            102.4244064,
            17.0022174
          ],
          [
            102.4244923,
            17.0020337
          ],
          [
            102.4244847,
            17.0018146
          ],
          [
            102.4243635,
            17.0013966
          ],
          [
            102.4239558,
            17.0003706
          ],
          [
            102.4238307,
            17.0001182
          ],
          [
            102.4236982,
            16.9999669
          ],
          [
            102.423548,
            16.999816
          ],
          [
            102.4233334,
            16.9996591
          ],
          [
            102.4229837,
            16.9994723
          ],
          [
            102.4227905,
            16.9993354
          ],
          [
            102.4226688,
            16.9991645
          ],
          [
            102.4225974,
            16.9989593
          ],
          [
            102.422533,
            16.998672
          ],
          [
            102.4224537,
            16.9985094
          ],
          [
            102.422297,
            16.9984402
          ],
          [
            102.4221248,
            16.9984684
          ],
          [
            102.4220181,
            16.9985356
          ],
          [
            102.4219387,
            16.9986531
          ],
          [
            102.4217815,
            16.998906
          ],
          [
            102.4216313,
            16.9990429
          ],
          [
            102.4213384,
            16.9992127
          ],
          [
            102.4211678,
            16.9993856
          ],
          [
            102.421038,
            16.9996365
          ],
          [
            102.4209023,
            16.9997945
          ],
          [
            102.4206877,
            16.9998489
          ],
          [
            102.4204726,
            16.9998022
          ],
          [
            102.420287,
            16.9996714
          ],
          [
            102.4202006,
            16.9995011
          ],
          [
            102.4201936,
            16.999261
          ],
          [
            102.4202795,
            16.9990086
          ],
          [
            102.4203079,
            16.9987351
          ],
          [
            102.4202795,
            16.9982427
          ],
          [
            102.4202795,
            16.9976132
          ],
          [
            102.4202221,
            16.9973398
          ],
          [
            102.420258,
            16.9971346
          ],
          [
            102.4203937,
            16.9969704
          ],
          [
            102.4205799,
            16.9969088
          ],
          [
            102.4207301,
            16.9969155
          ],
          [
            102.4209237,
            16.9969555
          ],
          [
            102.4210948,
            16.9969088
          ],
          [
            102.4212665,
            16.9968129
          ],
          [
            102.4214022,
            16.9966354
          ],
          [
            102.4214451,
            16.9964302
          ],
          [
            102.4213738,
            16.9962045
          ],
          [
            102.421245,
            16.9960608
          ],
          [
            102.4210165,
            16.9959634
          ],
          [
            102.4206732,
            16.9958402
          ],
          [
            102.4204581,
            16.995753
          ],
          [
            102.4203438,
            16.9955955
          ],
          [
            102.4202365,
            16.9953903
          ],
          [
            102.4201936,
            16.99524
          ],
          [
            102.4202221,
            16.9949599
          ],
          [
            102.4202151,
            16.9947321
          ],
          [
            102.4201292,
            16.9945218
          ],
          [
            102.4199651,
            16.9943904
          ],
          [
            102.4198364,
            16.9943627
          ],
          [
            102.4196856,
            16.9944469
          ],
          [
            102.4194426,
            16.9946654
          ],
          [
            102.4193404,
            16.9948685
          ],
          [
            102.4192212,
            16.9949387
          ],
          [
            102.4188821,
            16.9950237
          ],
          [
            102.4187399,
            16.9950075
          ],
          [
            102.4186656,
            16.9949216
          ],
          [
            102.4185703,
            16.9947188
          ],
          [
            102.4184196,
            16.9946316
          ],
          [
            102.4180833,
            16.9946039
          ],
          [
            102.4179116,
            16.9946039
          ],
          [
            102.4178118,
            16.9945269
          ],
          [
            102.417733,
            16.9943576
          ],
          [
            102.4176251,
            16.994098
          ],
          [
            102.4174975,
            16.9940006
          ],
          [
            102.4173612,
            16.9940139
          ],
          [
            102.4172389,
            16.9941185
          ],
          [
            102.417196,
            16.9943166
          ],
          [
            102.417182,
            16.9946316
          ],
          [
            102.4171037,
            16.9948624
          ],
          [
            102.4170039,
            16.9949578
          ],
          [
            102.4168462,
            16.9950194
          ],
          [
            102.4166241,
            16.9950553
          ],
          [
            102.41646,
            16.9950266
          ],
          [
            102.4163602,
            16.9949373
          ],
          [
            102.4162883,
            16.9947732
          ],
          [
            102.4162733,
            16.9944397
          ],
          [
            102.4162304,
            16.994214
          ],
          [
            102.4160952,
            16.9940549
          ],
          [
            102.4159235,
            16.9940211
          ],
          [
            102.4156945,
            16.9940703
          ],
          [
            102.4153517,
            16.9943012
          ],
          [
            102.4152369,
            16.9944448
          ],
          [
            102.4150727,
            16.9947803
          ],
          [
            102.4149794,
            16.9948829
          ],
          [
            102.4148292,
            16.9948829
          ],
          [
            102.4147219,
            16.9948142
          ],
          [
            102.4146221,
            16.9946572
          ],
          [
            102.4145567,
            16.994529
          ],
          [
            102.4143861,
            16.9944243
          ],
          [
            102.4141211,
            16.9943833
          ],
          [
            102.4138207,
            16.9943289
          ],
          [
            102.4136948,
            16.9942609
          ],
          [
            102.4136134,
            16.9941693
          ],
          [
            102.4134632,
            16.993978
          ],
          [
            102.4133312,
            16.9937405
          ],
          [
            102.4132703,
            16.9935193
          ],
          [
            102.4132523,
            16.9933449
          ],
          [
            102.4132668,
            16.9932069
          ],
          [
            102.413306,
            16.9931023
          ],
          [
            102.4133811,
            16.9930199
          ],
          [
            102.4134991,
            16.9929755
          ],
          [
            102.4137743,
            16.9929448
          ],
          [
            102.4139497,
            16.9928935
          ],
          [
            102.4140642,
            16.992817
          ],
          [
            102.4141286,
            16.9927213
          ],
          [
            102.4141493,
            16.9926098
          ],
          [
            102.4141031,
            16.992521
          ],
          [
            102.4140286,
            16.9924579
          ],
          [
            102.4139119,
            16.9924469
          ],
          [
            102.4137711,
            16.9924579
          ],
          [
            102.413527,
            16.9925061
          ],
          [
            102.4133669,
            16.9925469
          ],
          [
            102.4131523,
            16.9926085
          ],
          [
            102.4129163,
            16.9926393
          ],
          [
            102.412784,
            16.992629
          ],
          [
            102.4125474,
            16.9925277
          ],
          [
            102.4123688,
            16.9924148
          ],
          [
            102.4122905,
            16.9923245
          ],
          [
            102.4122618,
            16.9922186
          ],
          [
            102.4122725,
            16.9921296
          ],
          [
            102.4123441,
            16.9920167
          ],
          [
            102.4124943,
            16.9918697
          ],
          [
            102.4127084,
            16.9917274
          ],
          [
            102.4128157,
            16.9916078
          ],
          [
            102.412923,
            16.9914606
          ],
          [
            102.4129911,
            16.9912928
          ],
          [
            102.4130233,
            16.9910294
          ],
          [
            102.4130844,
            16.9908573
          ],
          [
            102.4132022,
            16.9907218
          ],
          [
            102.4133344,
            16.990609
          ],
          [
            102.4134632,
            16.9905269
          ],
          [
            102.4135991,
            16.9904892
          ],
          [
            102.4138352,
            16.9904653
          ],
          [
            102.4139784,
            16.9904538
          ],
          [
            102.4140854,
            16.990414
          ],
          [
            102.414168,
            16.9903409
          ],
          [
            102.4142104,
            16.9902226
          ],
          [
            102.4142034,
            16.9901165
          ],
          [
            102.4141605,
            16.9900344
          ],
          [
            102.4140388,
            16.989884
          ],
          [
            102.4138993,
            16.9897301
          ],
          [
            102.4137853,
            16.9895647
          ],
          [
            102.4136565,
            16.9894416
          ],
          [
            102.4135136,
            16.9893492
          ],
          [
            102.4132239,
            16.9892569
          ],
          [
            102.4129267,
            16.9892066
          ],
          [
            102.4126767,
            16.9892194
          ],
          [
            102.4124192,
            16.9892877
          ],
          [
            102.4122583,
            16.9893595
          ],
          [
            102.4120974,
            16.9895272
          ],
          [
            102.4118823,
            16.9898086
          ],
          [
            102.4117431,
            16.9899135
          ],
          [
            102.4115604,
            16.9899625
          ],
          [
            102.4114102,
            16.9899661
          ],
          [
            102.4112458,
            16.9899377
          ],
          [
            102.4110993,
            16.9898702
          ],
          [
            102.4109132,
            16.9897017
          ],
          [
            102.4107844,
            16.9894759
          ],
          [
            102.4107415,
            16.9893287
          ],
          [
            102.4107058,
            16.9891555
          ],
          [
            102.4107024,
            16.9890004
          ],
          [
            102.4107168,
            16.9888462
          ],
          [
            102.410756,
            16.9886969
          ],
          [
            102.4107667,
            16.9885361
          ],
          [
            102.4107667,
            16.9883993
          ],
          [
            102.4108024,
            16.9883003
          ],
          [
            102.4108882,
            16.9882249
          ],
          [
            102.4110564,
            16.9881941
          ],
          [
            102.4111742,
            16.9881839
          ],
          [
            102.4113136,
            16.9881361
          ],
          [
            102.4114032,
            16.988071
          ],
          [
            102.4115282,
            16.9879343
          ],
          [
            102.411657,
            16.9877191
          ],
          [
            102.4116789,
            16.9876188
          ],
          [
            102.411657,
            16.9875102
          ],
          [
            102.4115931,
            16.9874407
          ],
          [
            102.4114644,
            16.9873828
          ],
          [
            102.411282,
            16.9873586
          ],
          [
            102.4110996,
            16.9873381
          ],
          [
            102.4109387,
            16.9872766
          ],
          [
            102.4107667,
            16.9871716
          ],
          [
            102.4106273,
            16.9870418
          ],
          [
            102.4104556,
            16.9868125
          ],
          [
            102.4103199,
            16.9866984
          ],
          [
            102.4101447,
            16.9865891
          ],
          [
            102.4099194,
            16.9865034
          ],
          [
            102.4096834,
            16.9864316
          ],
          [
            102.4094685,
            16.9863916
          ],
          [
            102.4093291,
            16.9863495
          ],
          [
            102.4091394,
            16.9862343
          ],
          [
            102.4089536,
            16.986134
          ],
          [
            102.4087924,
            16.9861009
          ],
          [
            102.4086674,
            16.9861248
          ],
          [
            102.4085601,
            16.9861728
          ],
          [
            102.4083777,
            16.9863882
          ],
          [
            102.408206,
            16.9866653
          ],
          [
            102.4081382,
            16.9868523
          ],
          [
            102.4080845,
            16.9870757
          ],
          [
            102.4080236,
            16.9872022
          ],
          [
            102.4079485,
            16.9872945
          ],
          [
            102.407827,
            16.9873481
          ],
          [
            102.4076913,
            16.9873584
          ],
          [
            102.4076055,
            16.9873448
          ],
          [
            102.4075196,
            16.9873037
          ],
          [
            102.4074298,
            16.9872296
          ],
          [
            102.4072259,
            16.9869664
          ],
          [
            102.406958,
            16.9864395
          ],
          [
            102.4069151,
            16.9862446
          ],
          [
            102.4069293,
            16.9860907
          ],
          [
            102.4069794,
            16.9859983
          ],
          [
            102.4070543,
            16.9859162
          ],
          [
            102.4071511,
            16.985857
          ],
          [
            102.4072619,
            16.9858444
          ],
          [
            102.4073584,
            16.9858649
          ],
          [
            102.4074727,
            16.985906
          ],
          [
            102.4076015,
            16.9858855
          ],
          [
            102.4076983,
            16.9858298
          ],
          [
            102.407734,
            16.9857657
          ],
          [
            102.4077624,
            16.9856495
          ],
          [
            102.4077197,
            16.9854889
          ],
          [
            102.4076336,
            16.9853519
          ],
          [
            102.4075408,
            16.9852903
          ],
          [
            102.4074622,
            16.9852244
          ],
          [
            102.4074231,
            16.9851387
          ],
          [
            102.407462,
            16.9850543
          ],
          [
            102.4077305,
            16.9849781
          ],
          [
            102.4080523,
            16.9848961
          ],
          [
            102.4082492,
            16.984855
          ],
          [
            102.4083672,
            16.9847865
          ],
          [
            102.4083994,
            16.9847044
          ],
          [
            102.4084064,
            16.9845916
          ],
          [
            102.4084101,
            16.9844992
          ],
          [
            102.4084815,
            16.9843658
          ],
          [
            102.4086529,
            16.9841242
          ],
          [
            102.4087425,
            16.9839667
          ],
          [
            102.4087816,
            16.9838333
          ],
          [
            102.4087819,
            16.9837227
          ],
          [
            102.4087494,
            16.9836178
          ],
          [
            102.4086422,
            16.9834672
          ],
          [
            102.4085029,
            16.9833431
          ],
          [
            102.4083098,
            16.9832405
          ],
          [
            102.4080416,
            16.9831355
          ],
          [
            102.4077948,
            16.9830147
          ],
          [
            102.4076983,
            16.9829429
          ],
          [
            102.4076658,
            16.9828585
          ],
          [
            102.4076658,
            16.9827595
          ],
          [
            102.407691,
            16.9826671
          ],
          [
            102.4077517,
            16.9825953
          ],
          [
            102.4078592,
            16.9825235
          ],
          [
            102.4080094,
            16.9824552
          ],
          [
            102.4082597,
            16.9823526
          ],
          [
            102.408367,
            16.9822772
          ],
          [
            102.4084316,
            16.9821802
          ],
          [
            102.4084708,
            16.9820776
          ],
          [
            102.408449,
            16.9819694
          ],
          [
            102.4083849,
            16.9818793
          ],
          [
            102.4082669,
            16.9818108
          ],
          [
            102.4080631,
            16.9817801
          ],
          [
            102.4079021,
            16.9817562
          ],
          [
            102.4078163,
            16.9817254
          ],
          [
            102.4077305,
            16.9816433
          ],
          [
            102.4076481,
            16.9815076
          ],
          [
            102.4075803,
            16.9813868
          ],
          [
            102.407473,
            16.9812739
          ],
          [
            102.4073373,
            16.9812021
          ],
          [
            102.4071833,
            16.9811541
          ],
          [
            102.4070867,
            16.9810892
          ],
          [
            102.4070436,
            16.9809879
          ],
          [
            102.4070543,
            16.9808714
          ],
          [
            102.4070975,
            16.9807814
          ],
          [
            102.4072082,
            16.9807006
          ],
          [
            102.4073477,
            16.9806457
          ],
          [
            102.4074727,
            16.9805805
          ],
          [
            102.4075693,
            16.9804607
          ],
          [
            102.4076015,
            16.9803379
          ],
          [
            102.40758,
            16.9802214
          ],
          [
            102.4075159,
            16.9801211
          ],
          [
            102.4073332,
            16.9799444
          ],
          [
            102.4070865,
            16.9796912
          ],
          [
            102.40684,
            16.9794826
          ],
          [
            102.4065932,
            16.9793082
          ],
          [
            102.4064967,
            16.9791907
          ],
          [
            102.4064642,
            16.979086
          ],
          [
            102.4064787,
            16.9789731
          ],
          [
            102.4065538,
            16.9788669
          ],
          [
            102.4066576,
            16.9787951
          ],
          [
            102.4068005,
            16.9787576
          ],
          [
            102.4069902,
            16.9787438
          ],
          [
            102.4071294,
            16.9787063
          ],
          [
            102.40723,
            16.9786435
          ],
          [
            102.4073048,
            16.9785283
          ],
          [
            102.4073976,
            16.9783949
          ],
          [
            102.4074979,
            16.978282
          ],
          [
            102.4077661,
            16.9780563
          ],
          [
            102.4083847,
            16.9776253
          ],
          [
            102.4085459,
            16.9774978
          ],
          [
            102.4085885,
            16.9774168
          ],
          [
            102.4085885,
            16.9773211
          ],
          [
            102.4085459,
            16.977231
          ],
          [
            102.4084493,
            16.9771318
          ],
          [
            102.408324,
            16.9770784
          ],
          [
            102.4081741,
            16.9770566
          ],
          [
            102.4079558,
            16.9770053
          ],
          [
            102.4077841,
            16.9769473
          ],
          [
            102.407591,
            16.9768411
          ],
          [
            102.4074301,
            16.9767798
          ],
          [
            102.4072691,
            16.976749
          ],
          [
            102.4070867,
            16.9767387
          ],
          [
            102.4070151,
            16.976709
          ],
          [
            102.4069794,
            16.9766543
          ],
          [
            102.4069794,
            16.9765825
          ],
          [
            102.4070151,
            16.9765107
          ],
          [
            102.4070972,
            16.9764696
          ],
          [
            102.4072155,
            16.9764412
          ],
          [
            102.4074086,
            16.976335
          ],
          [
            102.4076841,
            16.9762403
          ],
          [
            102.4078343,
            16.9761618
          ],
          [
            102.4079308,
            16.9760761
          ],
          [
            102.4080129,
            16.9759427
          ],
          [
            102.4080558,
            16.9758093
          ],
          [
            102.4080523,
            16.9756988
          ],
          [
            102.4079987,
            16.9755141
          ],
          [
            102.4079236,
            16.9753807
          ],
          [
            102.4077734,
            16.9752165
          ],
          [
            102.4073837,
            16.9749576
          ],
          [
            102.4068542,
            16.9746498
          ],
          [
            102.4067327,
            16.9746144
          ],
          [
            102.4066361,
            16.9746111
          ],
          [
            102.4065361,
            16.9746429
          ],
          [
            102.4064932,
            16.9746703
          ],
          [
            102.4064717,
            16.9747216
          ],
          [
            102.4064752,
            16.9747752
          ],
          [
            102.4065216,
            16.9748755
          ],
          [
            102.4065718,
            16.9749805
          ],
          [
            102.4065967,
            16.9750844
          ],
          [
            102.4065862,
            16.9751788
          ],
          [
            102.4065538,
            16.975286
          ],
          [
            102.4064894,
            16.975433
          ],
          [
            102.4063679,
            16.9755995
          ],
          [
            102.4062389,
            16.9757411
          ],
          [
            102.4061783,
            16.9758986
          ],
          [
            102.4061638,
            16.9760181
          ],
          [
            102.4061855,
            16.9761164
          ],
          [
            102.4062603,
            16.9762472
          ],
          [
            102.4062711,
            16.9763396
          ],
          [
            102.4062392,
            16.9764001
          ],
          [
            102.4061638,
            16.9764183
          ],
          [
            102.406082,
            16.9764001
          ],
          [
            102.4059817,
            16.9763419
          ],
          [
            102.4057279,
            16.9761846
          ],
          [
            102.4055166,
            16.976099
          ],
          [
            102.4053449,
            16.9760579
          ],
          [
            102.4048154,
            16.9760112
          ],
          [
            102.4046583,
            16.9759702
          ],
          [
            102.404551,
            16.9758953
          ],
          [
            102.4044936,
            16.9758132
          ],
          [
            102.4044721,
            16.9757239
          ],
          [
            102.4044866,
            16.9756136
          ],
          [
            102.4045939,
            16.9754571
          ],
          [
            102.4050016,
            16.9750677
          ],
          [
            102.4051518,
            16.9748881
          ],
          [
            102.4052441,
            16.9747255
          ],
          [
            102.405288,
            16.9744571
          ],
          [
            102.405302,
            16.9731709
          ],
          [
            102.405273,
            16.9729405
          ],
          [
            102.4051657,
            16.9728102
          ],
          [
            102.405052,
            16.9727537
          ],
          [
            102.4049227,
            16.9727763
          ],
          [
            102.4047441,
            16.9728769
          ],
          [
            102.4045794,
            16.9730564
          ],
          [
            102.4042291,
            16.9735746
          ],
          [
            102.404043,
            16.9739594
          ],
          [
            102.4039362,
            16.9740739
          ],
          [
            102.4038289,
            16.9741354
          ],
          [
            102.4037216,
            16.9741493
          ],
          [
            102.4035704,
            16.9741303
          ],
          [
            102.4032914,
            16.9740282
          ],
          [
            102.4030768,
            16.9739051
          ],
          [
            102.4028837,
            16.9737542
          ],
          [
            102.4026847,
            16.9735131
          ],
          [
            102.4025264,
            16.9732617
          ],
          [
            102.4023843,
            16.9730477
          ],
          [
            102.4023258,
            16.9728512
          ],
          [
            102.4021547,
            16.9725228
          ],
          [
            102.4020115,
            16.9723381
          ],
          [
            102.4019401,
            16.9721601
          ],
          [
            102.4018613,
            16.9719277
          ],
          [
            102.4018548,
            16.9716727
          ],
          [
            102.4018613,
            16.971353
          ],
          [
            102.4018398,
            16.9710657
          ],
          [
            102.4017685,
            16.9708399
          ],
          [
            102.4015759,
            16.9705444
          ],
          [
            102.4014251,
            16.9704089
          ],
          [
            102.4012604,
            16.9703269
          ],
          [
            102.4010169,
            16.9703063
          ],
          [
            102.4003673,
            16.9702499
          ],
          [
            102.4001167,
            16.9702448
          ],
          [
            102.3998737,
            16.9703135
          ],
          [
            102.3995299,
            16.9704007
          ],
          [
            102.3992584,
            16.9704418
          ],
          [
            102.3990584,
            16.9704161
          ],
          [
            102.3988722,
            16.9703525
          ],
          [
            102.3987005,
            16.9702088
          ],
          [
            102.398427,
            16.9699569
          ],
          [
            102.3983733,
            16.9697948
          ],
          [
            102.3984388,
            16.9696368
          ],
          [
            102.3985546,
            16.969566
          ],
          [
            102.3988073,
            16.9695454
          ],
          [
            102.3989832,
            16.969489
          ],
          [
            102.3990385,
            16.9693864
          ],
          [
            102.3989516,
            16.9691981
          ],
          [
            102.3988336,
            16.9689508
          ],
          [
            102.3986812,
            16.9683617
          ],
          [
            102.3986603,
            16.9681103
          ],
          [
            102.3987649,
            16.9678297
          ],
          [
            102.3988223,
            16.967589
          ],
          [
            102.3988223,
            16.967411
          ],
          [
            102.3987794,
            16.9672961
          ],
          [
            102.3986362,
            16.9671852
          ],
          [
            102.3983368,
            16.9668928
          ],
          [
            102.3982279,
            16.9667209
          ],
          [
            102.398207,
            16.9665572
          ],
          [
            102.398229,
            16.9664397
          ],
          [
            102.3983524,
            16.9662642
          ],
          [
            102.3985219,
            16.9661606
          ],
          [
            102.398958,
            16.9659215
          ],
          [
            102.3991082,
            16.965824
          ],
          [
            102.3991941,
            16.9657142
          ],
          [
            102.399237,
            16.9656321
          ],
          [
            102.3992515,
            16.9655038
          ],
          [
            102.3992086,
            16.9653601
          ],
          [
            102.398972,
            16.9649958
          ],
          [
            102.3986431,
            16.9645926
          ],
          [
            102.3985144,
            16.9644981
          ],
          [
            102.3983642,
            16.9644828
          ],
          [
            102.3981502,
            16.9645238
          ],
          [
            102.3980214,
            16.9646213
          ],
          [
            102.3978927,
            16.9647567
          ],
          [
            102.3977639,
            16.9647906
          ],
          [
            102.3976352,
            16.9647855
          ],
          [
            102.3974635,
            16.9647157
          ],
          [
            102.3973203,
            16.9646675
          ],
          [
            102.397184,
            16.9646541
          ],
          [
            102.3970553,
            16.9646952
          ],
          [
            102.3969051,
            16.9648183
          ],
          [
            102.396698,
            16.9650595
          ],
          [
            102.3964545,
            16.9653242
          ],
          [
            102.3960897,
            16.9656321
          ],
          [
            102.3958966,
            16.9656731
          ],
          [
            102.3956605,
            16.9656526
          ],
          [
            102.395432,
            16.9655654
          ],
          [
            102.3952748,
            16.9654422
          ],
          [
            102.395189,
            16.9653058
          ],
          [
            102.3950388,
            16.964806
          ],
          [
            102.394953,
            16.9646285
          ],
          [
            102.3948097,
            16.9644622
          ],
          [
            102.3947169,
            16.9642929
          ],
          [
            102.3946735,
            16.9640723
          ],
          [
            102.3946955,
            16.9638414
          ],
          [
            102.3947668,
            16.9637234
          ],
          [
            102.3949385,
            16.9636156
          ],
          [
            102.3954535,
            16.9634771
          ],
          [
            102.3958536,
            16.9633488
          ],
          [
            102.3960897,
            16.9633406
          ],
          [
            102.3963043,
            16.9633745
          ],
          [
            102.3965403,
            16.9633611
          ],
          [
            102.396977,
            16.9633611
          ],
          [
            102.3973562,
            16.9633898
          ],
          [
            102.3974705,
            16.9633693
          ],
          [
            102.3976352,
            16.9632924
          ],
          [
            102.3981716,
            16.9628357
          ],
          [
            102.3982644,
            16.9626838
          ],
          [
            102.3982644,
            16.9625812
          ],
          [
            102.3981716,
            16.9624919
          ],
          [
            102.3980214,
            16.9624786
          ],
          [
            102.3978068,
            16.9625196
          ],
          [
            102.3976566,
            16.9624919
          ],
          [
            102.3975563,
            16.9624098
          ],
          [
            102.3973991,
            16.961986
          ],
          [
            102.3973847,
            16.9618628
          ],
          [
            102.3974276,
            16.9617479
          ],
          [
            102.3975563,
            16.9616371
          ],
          [
            102.3978567,
            16.9613908
          ],
          [
            102.3980643,
            16.9612194
          ],
          [
            102.3982215,
            16.9611373
          ],
          [
            102.3983213,
            16.9610552
          ],
          [
            102.3983502,
            16.9609598
          ],
          [
            102.3983433,
            16.9608448
          ],
          [
            102.398236,
            16.9607833
          ],
          [
            102.3980429,
            16.9607679
          ],
          [
            102.3979211,
            16.9607063
          ],
          [
            102.3975279,
            16.9602548
          ],
          [
            102.3973991,
            16.9601932
          ],
          [
            102.3972489,
            16.9602004
          ],
          [
            102.3970628,
            16.9602702
          ],
          [
            102.3966765,
            16.9604344
          ],
          [
            102.3963332,
            16.9605626
          ],
          [
            102.3959395,
            16.9606806
          ],
          [
            102.3956391,
            16.9607884
          ],
          [
            102.3953392,
            16.9608038
          ],
          [
            102.3951101,
            16.9607884
          ],
          [
            102.39491,
            16.9607217
          ],
          [
            102.3945024,
            16.9605986
          ],
          [
            102.3941016,
            16.9605421
          ],
          [
            102.3935223,
            16.9605082
          ],
          [
            102.3932219,
            16.9605165
          ],
          [
            102.3930829,
            16.9605193
          ],
          [
            102.3929786,
            16.9604921
          ],
          [
            102.3928893,
            16.9604223
          ],
          [
            102.3927927,
            16.9602935
          ],
          [
            102.3927533,
            16.9601965
          ],
          [
            102.3927498,
            16.9601111
          ],
          [
            102.392782,
            16.959981
          ],
          [
            102.3928571,
            16.9597245
          ],
          [
            102.3928678,
            16.9595854
          ],
          [
            102.3928571,
            16.9594315
          ],
          [
            102.3927927,
            16.9592365
          ],
          [
            102.3927927,
            16.9591295
          ],
          [
            102.3928177,
            16.959051
          ],
          [
            102.3928713,
            16.9589733
          ],
          [
            102.3929786,
            16.958922
          ],
          [
            102.3930751,
            16.9589345
          ],
          [
            102.3931468,
            16.958963
          ],
          [
            102.3931789,
            16.9590202
          ],
          [
            102.3932433,
            16.9591169
          ],
          [
            102.3933219,
            16.9592049
          ],
          [
            102.3934257,
            16.9592606
          ],
          [
            102.3935472,
            16.9592742
          ],
          [
            102.3936617,
            16.9592563
          ],
          [
            102.3937368,
            16.9591888
          ],
          [
            102.3937798,
            16.9590998
          ],
          [
            102.393794,
            16.9589425
          ],
          [
            102.3937476,
            16.9586587
          ],
          [
            102.3936617,
            16.9583883
          ],
          [
            102.3935974,
            16.9582652
          ],
          [
            102.3934794,
            16.9581456
          ],
          [
            102.3932468,
            16.9579368
          ],
          [
            102.3929249,
            16.957662
          ],
          [
            102.3925816,
            16.9573131
          ],
          [
            102.3922563,
            16.9570463
          ],
          [
            102.3920417,
            16.9568182
          ],
          [
            102.3919701,
            16.9567189
          ],
          [
            102.3919451,
            16.9566027
          ],
          [
            102.3919451,
            16.9564921
          ],
          [
            102.3919738,
            16.9563653
          ],
          [
            102.3920382,
            16.9562319
          ],
          [
            102.3921774,
            16.9560521
          ],
          [
            102.3922168,
            16.9559446
          ],
          [
            102.3922061,
            16.9558112
          ],
          [
            102.3921737,
            16.9556996
          ],
          [
            102.392113,
            16.9556175
          ],
          [
            102.3920023,
            16.9555477
          ],
          [
            102.391895,
            16.9555033
          ],
          [
            102.3918022,
            16.9554417
          ],
          [
            102.3917126,
            16.9553424
          ],
          [
            102.3916375,
            16.9552057
          ],
          [
            102.391616,
            16.9550928
          ],
          [
            102.3916268,
            16.9549594
          ],
          [
            102.3916662,
            16.9548683
          ],
          [
            102.3917306,
            16.9548088
          ],
          [
            102.3918808,
            16.9547747
          ],
          [
            102.392031,
            16.9547267
          ],
          [
            102.3921847,
            16.954622
          ],
          [
            102.3923349,
            16.9544783
          ],
          [
            102.3924851,
            16.9542444
          ],
          [
            102.3925138,
            16.9540802
          ],
          [
            102.3925567,
            16.9539742
          ],
          [
            102.3926425,
            16.9538749
          ],
          [
            102.3927176,
            16.95376
          ],
          [
            102.3928034,
            16.9535342
          ],
          [
            102.3929035,
            16.9533892
          ],
          [
            102.3930287,
            16.9532386
          ],
          [
            102.3930931,
            16.9531134
          ],
          [
            102.3931146,
            16.9529787
          ],
          [
            102.3931395,
            16.9527016
          ],
          [
            102.3931752,
            16.95259
          ],
          [
            102.3932181,
            16.9524977
          ],
          [
            102.3932897,
            16.9524381
          ],
          [
            102.3934222,
            16.952404
          ],
          [
            102.3936867,
            16.9523766
          ],
          [
            102.3938474,
            16.952337
          ],
          [
            102.3939694,
            16.9522809
          ],
          [
            102.3941158,
            16.9522295
          ],
          [
            102.3943519,
            16.9521816
          ],
          [
            102.3947955,
            16.9520859
          ],
          [
            102.395289,
            16.9519935
          ],
          [
            102.3954889,
            16.9519435
          ],
          [
            102.3957037,
            16.9518614
          ],
          [
            102.3959076,
            16.9517485
          ],
          [
            102.3961366,
            16.9515555
          ],
          [
            102.3964008,
            16.9512969
          ],
          [
            102.3964437,
            16.9512046
          ],
          [
            102.396455,
            16.9511007
          ],
          [
            102.3964223,
            16.950989
          ],
          [
            102.3962404,
            16.9507004
          ],
          [
            102.3960792,
            16.9504541
          ],
          [
            102.3959792,
            16.9503766
          ],
          [
            102.3958397,
            16.9502948
          ],
          [
            102.3955822,
            16.95012
          ],
          [
            102.3954355,
            16.9499923
          ],
          [
            102.3950136,
            16.949583
          ],
          [
            102.394781,
            16.9494086
          ],
          [
            102.3946308,
            16.949347
          ],
          [
            102.394445,
            16.949306
          ],
          [
            102.3941695,
            16.949289
          ],
          [
            102.3940086,
            16.9492636
          ],
          [
            102.3938406,
            16.9491918
          ],
          [
            102.393665,
            16.9490835
          ],
          [
            102.3935488,
            16.9489917
          ],
          [
            102.3934507,
            16.9488359
          ],
          [
            102.3934075,
            16.9487004
          ],
          [
            102.3934115,
            16.948528
          ],
          [
            102.393433,
            16.9483741
          ],
          [
            102.3934936,
            16.9482168
          ],
          [
            102.3935901,
            16.9480731
          ],
          [
            102.3937079,
            16.9479923
          ],
          [
            102.3938511,
            16.9479615
          ],
          [
            102.3939978,
            16.9478987
          ],
          [
            102.3940944,
            16.9478096
          ],
          [
            102.3941622,
            16.9476639
          ],
          [
            102.3942269,
            16.9473786
          ],
          [
            102.3943519,
            16.9468634
          ],
          [
            102.3943626,
            16.9466784
          ],
          [
            102.3943519,
            16.9465006
          ],
          [
            102.3943017,
            16.9463672
          ],
          [
            102.3942162,
            16.9462702
          ],
          [
            102.3940944,
            16.9462053
          ],
          [
            102.3939117,
            16.9461619
          ],
          [
            102.3937438,
            16.9461619
          ],
          [
            102.3935684,
            16.9462168
          ],
          [
            102.3933324,
            16.9464185
          ],
          [
            102.3932181,
            16.9464629
          ],
          [
            102.3931004,
            16.9464516
          ],
          [
            102.3930215,
            16.9464003
          ],
          [
            102.3929679,
            16.9463159
          ],
          [
            102.3929357,
            16.9461745
          ],
          [
            102.3929394,
            16.9460103
          ],
          [
            102.393,
            16.9458643
          ],
          [
            102.3930751,
            16.9457537
          ],
          [
            102.3932254,
            16.9456385
          ],
          [
            102.3933431,
            16.9455975
          ],
          [
            102.3934973,
            16.9455792
          ],
          [
            102.393622,
            16.9455905
          ],
          [
            102.3938262,
            16.9456134
          ],
          [
            102.3940016,
            16.94561
          ],
          [
            102.3941947,
            16.945569
          ],
          [
            102.3943092,
            16.9455148
          ],
          [
            102.3943841,
            16.9454435
          ],
          [
            102.3944093,
            16.9453637
          ],
          [
            102.3944163,
            16.9452747
          ],
          [
            102.3943664,
            16.9450078
          ],
          [
            102.3942982,
            16.9449052
          ],
          [
            102.3941909,
            16.9447992
          ],
          [
            102.3940051,
            16.9446327
          ],
          [
            102.39393,
            16.9445337
          ],
          [
            102.3938441,
            16.9443761
          ],
          [
            102.393783,
            16.9442769
          ],
          [
            102.3936797,
            16.944204
          ],
          [
            102.3934504,
            16.944099
          ],
          [
            102.3930789,
            16.9438858
          ],
          [
            102.3926138,
            16.943725
          ],
          [
            102.3923885,
            16.9436395
          ],
          [
            102.392285,
            16.9435574
          ],
          [
            102.3921884,
            16.9434445
          ],
          [
            102.3921415,
            16.9433088
          ],
          [
            102.3921348,
            16.9431879
          ],
          [
            102.3921417,
            16.943034
          ],
          [
            102.3922061,
            16.9425414
          ],
          [
            102.3922276,
            16.9422381
          ],
          [
            102.3922134,
            16.9420077
          ],
          [
            102.3921919,
            16.9418332
          ],
          [
            102.3921525,
            16.9416895
          ],
          [
            102.3921096,
            16.9415779
          ],
          [
            102.3921061,
            16.9414994
          ],
          [
            102.3921383,
            16.941407
          ],
          [
            102.3922026,
            16.94132
          ],
          [
            102.3923241,
            16.9412207
          ],
          [
            102.3926854,
            16.9410442
          ],
          [
            102.3928606,
            16.940986
          ],
          [
            102.3929786,
            16.9409711
          ],
          [
            102.3930824,
            16.9409826
          ],
          [
            102.393161,
            16.9410224
          ],
          [
            102.393254,
            16.9411571
          ],
          [
            102.3934185,
            16.9413508
          ],
          [
            102.3935043,
            16.9414342
          ],
          [
            102.3936116,
            16.9414842
          ],
          [
            102.3941445,
            16.9416328
          ],
          [
            102.394309,
            16.9416279
          ],
          [
            102.3943985,
            16.9415971
          ],
          [
            102.3944699,
            16.9415302
          ],
          [
            102.3945235,
            16.9414329
          ],
          [
            102.3947097,
            16.9409198
          ],
          [
            102.3947488,
            16.9407078
          ],
          [
            102.3947311,
            16.9406052
          ],
          [
            102.3946381,
            16.9404695
          ],
          [
            102.3944307,
            16.9402804
          ],
          [
            102.3942768,
            16.9401639
          ],
          [
            102.3941802,
            16.9400818
          ],
          [
            102.3941266,
            16.9399689
          ],
          [
            102.3940944,
            16.9398537
          ],
          [
            102.3940131,
            16.9395943
          ],
          [
            102.3938817,
            16.939428
          ],
          [
            102.3935008,
            16.9391134
          ],
          [
            102.3926854,
            16.9384155
          ],
          [
            102.3921159,
            16.9379645
          ],
          [
            102.3917413,
            16.9376627
          ],
          [
            102.3911834,
            16.9372265
          ],
          [
            102.3908186,
            16.9369391
          ],
          [
            102.3905681,
            16.93672
          ],
          [
            102.390375,
            16.9365147
          ],
          [
            102.3901105,
            16.9361781
          ],
          [
            102.389867,
            16.9358922
          ],
          [
            102.3897886,
            16.9356921
          ],
          [
            102.3898246,
            16.9355433
          ],
          [
            102.3899319,
            16.9354663
          ],
          [
            102.3900821,
            16.9354201
          ],
          [
            102.3903181,
            16.9354458
          ],
          [
            102.3905971,
            16.9355828
          ],
          [
            102.3907971,
            16.9356254
          ],
          [
            102.3909833,
            16.9356033
          ],
          [
            102.3911759,
            16.9355228
          ],
          [
            102.391355,
            16.9353775
          ],
          [
            102.3915197,
            16.9352954
          ],
          [
            102.3919703,
            16.9351738
          ],
          [
            102.3924853,
            16.9350096
          ],
          [
            102.3926355,
            16.9349054
          ],
          [
            102.3927069,
            16.9347822
          ],
          [
            102.3926999,
            16.9346606
          ],
          [
            102.3925996,
            16.9345374
          ],
          [
            102.3924424,
            16.9344605
          ],
          [
            102.3921259,
            16.9344163
          ],
          [
            102.3919274,
            16.9343512
          ],
          [
            102.39187,
            16.9342347
          ],
          [
            102.3918845,
            16.934072
          ],
          [
            102.3919918,
            16.9339488
          ],
          [
            102.3922064,
            16.933819
          ],
          [
            102.3924853,
            16.9337507
          ],
          [
            102.392664,
            16.9336394
          ],
          [
            102.3930861,
            16.9332837
          ],
          [
            102.3933646,
            16.9329363
          ],
          [
            102.3935148,
            16.9327038
          ],
          [
            102.3936864,
            16.9322846
          ],
          [
            102.3938366,
            16.9320793
          ],
          [
            102.3940083,
            16.9319495
          ],
          [
            102.3942229,
            16.9318945
          ],
          [
            102.3944374,
            16.9318124
          ],
          [
            102.3945522,
            16.9317052
          ],
          [
            102.3946306,
            16.9315389
          ],
          [
            102.394652,
            16.9313747
          ],
          [
            102.3946166,
            16.9312377
          ],
          [
            102.3944664,
            16.9311099
          ],
          [
            102.3941805,
            16.9309457
          ],
          [
            102.393901,
            16.9307814
          ],
          [
            102.3935577,
            16.9306306
          ],
          [
            102.393386,
            16.9306172
          ],
          [
            102.3931789,
            16.9306511
          ],
          [
            102.3930432,
            16.9307178
          ],
          [
            102.3929574,
            16.930841
          ],
          [
            102.3929145,
            16.9310668
          ],
          [
            102.3928501,
            16.9312926
          ],
          [
            102.3926355,
            16.931621
          ],
          [
            102.3924424,
            16.9318124
          ],
          [
            102.3922563,
            16.9318827
          ],
          [
            102.3920347,
            16.9318945
          ],
          [
            102.3916699,
            16.9317873
          ],
          [
            102.3908326,
            16.9313901
          ],
          [
            102.3900177,
            16.9309913
          ],
          [
            102.3897028,
            16.9308271
          ],
          [
            102.3894882,
            16.9306562
          ],
          [
            102.3894383,
            16.9304509
          ],
          [
            102.3894668,
            16.9302662
          ],
          [
            102.38961,
            16.9301307
          ],
          [
            102.389853,
            16.930083
          ],
          [
            102.390089,
            16.930124
          ],
          [
            102.3904034,
            16.9303155
          ],
          [
            102.3905536,
            16.930377
          ],
          [
            102.3907038,
            16.9303498
          ],
          [
            102.3908755,
            16.9302267
          ],
          [
            102.3914554,
            16.9296314
          ],
          [
            102.3914983,
            16.9294928
          ],
          [
            102.3914768,
            16.9293491
          ],
          [
            102.3913481,
            16.9292193
          ],
          [
            102.3910262,
            16.9290961
          ],
          [
            102.3904608,
            16.9287487
          ],
          [
            102.3901963,
            16.928585
          ],
          [
            102.3896384,
            16.9285644
          ]
        ]
      },
      "id": "way/782623009"
    },
    {
      "type": "Feature",
      "properties": {
        "@id": "way/783786653",
        "source": "Bing",
        "waterway": "canal"
      },
      "geometry": {
        "type": "LineString",
        "coordinates": [
          [
            102.4297569,
            17.0366288
          ],
          [
            102.4297923,
            17.0363841
          ],
          [
            102.4301356,
            17.0364423
          ],
          [
            102.4302933,
            17.0364954
          ],
          [
            102.4304615,
            17.0365877
          ],
          [
            102.4306364,
            17.0367501
          ],
          [
            102.4310194,
            17.0371896
          ],
          [
            102.431205,
            17.0374579
          ],
          [
            102.4312911,
            17.037682
          ],
          [
            102.4313016,
            17.0378169
          ],
          [
            102.4312589,
            17.0379487
          ],
          [
            102.4311551,
            17.0380718
          ],
          [
            102.4308225,
            17.0382565
          ],
          [
            102.4306828,
            17.0380221
          ],
          [
            102.4309583,
            17.0379213
          ],
          [
            102.4310441,
            17.0378477
          ],
          [
            102.4310551,
            17.0377538
          ],
          [
            102.4310012,
            17.0376238
          ],
          [
            102.4307651,
            17.0372937
          ],
          [
            102.4304111,
            17.0368732
          ],
          [
            102.4302287,
            17.0367501
          ],
          [
            102.4300034,
            17.0366783
          ],
          [
            102.4297569,
            17.0366288
          ]
        ]
      },
      "id": "way/783786653"
    },
    {
      "type": "Feature",
      "properties": {
        "@id": "way/783813731",
        "source": "Bing",
        "waterway": "river"
      },
      "geometry": {
        "type": "LineString",
        "coordinates": [
          [
            102.4533459,
            17.0973718
          ],
          [
            102.4524875,
            17.0962628
          ],
          [
            102.4522515,
            17.0961689
          ],
          [
            102.4520654,
            17.0961669
          ],
          [
            102.4519082,
            17.0962833
          ],
          [
            102.4518293,
            17.0965294
          ],
          [
            102.4518867,
            17.0969206
          ],
          [
            102.4519726,
            17.0971667
          ],
          [
            102.4519296,
            17.0972882
          ],
          [
            102.4518224,
            17.097338
          ],
          [
            102.4517151,
            17.0973293
          ],
          [
            102.4515863,
            17.0972282
          ],
          [
            102.4514431,
            17.0967411
          ],
          [
            102.4513932,
            17.0964268
          ],
          [
            102.451479,
            17.0962028
          ],
          [
            102.4516722,
            17.0959772
          ],
          [
            102.4516791,
            17.0957977
          ],
          [
            102.451479,
            17.0956695
          ],
          [
            102.4512929,
            17.0956357
          ],
          [
            102.4510354,
            17.0956562
          ],
          [
            102.4507709,
            17.0956357
          ],
          [
            102.4506207,
            17.095526
          ],
          [
            102.4503702,
            17.0952388
          ],
          [
            102.450213,
            17.0951347
          ],
          [
            102.4499555,
            17.0951209
          ],
          [
            102.449705,
            17.0950953
          ],
          [
            102.4495548,
            17.0950117
          ],
          [
            102.4494475,
            17.0947876
          ],
          [
            102.449462,
            17.0945282
          ],
          [
            102.4495908,
            17.0942938
          ],
          [
            102.4498053,
            17.0941723
          ],
          [
            102.4501701,
            17.0941518
          ],
          [
            102.4503418,
            17.0941913
          ],
          [
            102.4504775,
            17.0943415
          ],
          [
            102.4506062,
            17.0946307
          ],
          [
            102.4507066,
            17.0947722
          ],
          [
            102.4509641,
            17.0947656
          ],
          [
            102.4512859,
            17.0948476
          ],
          [
            102.4514002,
            17.0948768
          ],
          [
            102.4516292,
            17.0948491
          ],
          [
            102.4517365,
            17.0947671
          ],
          [
            102.4517794,
            17.0946015
          ],
          [
            102.451758,
            17.0941518
          ],
          [
            102.4516362,
            17.0938719
          ],
          [
            102.451486,
            17.0937211
          ],
          [
            102.4513074,
            17.0935965
          ],
          [
            102.4512215,
            17.0933314
          ],
          [
            102.451243,
            17.0929469
          ],
          [
            102.4512001,
            17.0927571
          ],
          [
            102.4511143,
            17.0926325
          ],
          [
            102.4509925,
            17.0925931
          ],
          [
            102.4506706,
            17.092571
          ],
          [
            102.4504276,
            17.0925095
          ],
          [
            102.4503203,
            17.0923864
          ],
          [
            102.4503418,
            17.0922311
          ],
          [
            102.4504705,
            17.0920875
          ],
          [
            102.4506422,
            17.0920393
          ],
          [
            102.4509211,
            17.0919983
          ],
          [
            102.4516148,
            17.0916568
          ],
          [
            102.4518438,
            17.0914907
          ],
          [
            102.4519581,
            17.0913199
          ],
          [
            102.4519296,
            17.0911574
          ],
          [
            102.451722,
            17.0909917
          ],
          [
            102.4513143,
            17.0909507
          ],
          [
            102.4509855,
            17.0909728
          ],
          [
            102.4506636,
            17.0909728
          ],
          [
            102.4504775,
            17.0909507
          ],
          [
            102.4503691,
            17.0908436
          ],
          [
            102.4502264,
            17.09046
          ],
          [
            102.4502275,
            17.0901508
          ],
          [
            102.4503627,
            17.0899062
          ],
          [
            102.4506422,
            17.0897816
          ],
          [
            102.4509136,
            17.0896858
          ],
          [
            102.4511067,
            17.0895422
          ],
          [
            102.4511143,
            17.0893802
          ],
          [
            102.4510284,
            17.0892089
          ],
          [
            102.4510284,
            17.0890243
          ],
          [
            102.4511143,
            17.0889218
          ],
          [
            102.451243,
            17.0889218
          ],
          [
            102.4514147,
            17.0889833
          ],
          [
            102.4515863,
            17.0889817
          ],
          [
            102.4516866,
            17.0889202
          ],
          [
            102.4517151,
            17.0887166
          ],
          [
            102.4516217,
            17.088469
          ],
          [
            102.4516217,
            17.0881885
          ],
          [
            102.4516791,
            17.0878757
          ],
          [
            102.4516217,
            17.087546
          ],
          [
            102.451479,
            17.087204
          ],
          [
            102.4507634,
            17.0865
          ],
          [
            102.4503203,
            17.0862554
          ],
          [
            102.4498627,
            17.0862333
          ],
          [
            102.4495049,
            17.0863169
          ],
          [
            102.449233,
            17.0866113
          ],
          [
            102.448947,
            17.0868707
          ],
          [
            102.4486466,
            17.0869599
          ],
          [
            102.4483317,
            17.0868912
          ],
          [
            102.4480957,
            17.0867476
          ],
          [
            102.4479525,
            17.0863836
          ],
          [
            102.44796,
            17.0860708
          ],
          [
            102.4480887,
            17.0858452
          ],
          [
            102.4483677,
            17.0856267
          ],
          [
            102.448983,
            17.0853924
          ],
          [
            102.4494191,
            17.0851478
          ],
          [
            102.4498697,
            17.0846812
          ],
          [
            102.4499985,
            17.0844781
          ],
          [
            102.4499625,
            17.0843069
          ],
          [
            102.4498053,
            17.0841018
          ],
          [
            102.4495264,
            17.0838746
          ],
          [
            102.4493547,
            17.0837121
          ],
          [
            102.4492689,
            17.0835054
          ],
          [
            102.4492973,
            17.0833429
          ],
          [
            102.4494835,
            17.0831362
          ],
          [
            102.4497839,
            17.0829193
          ],
          [
            102.4501342,
            17.0828147
          ],
          [
            102.4505993,
            17.0827465
          ],
          [
            102.4507779,
            17.0826455
          ],
          [
            102.4508605,
            17.0825481
          ],
          [
            102.4508283,
            17.0823942
          ],
          [
            102.4507103,
            17.0822268
          ],
          [
            102.4504528,
            17.0820217
          ],
          [
            102.4501414,
            17.0819104
          ],
          [
            102.4499518,
            17.0818317
          ],
          [
            102.4496838,
            17.0815738
          ],
          [
            102.4494261,
            17.0812643
          ],
          [
            102.4493156,
            17.08102
          ],
          [
            102.4492512,
            17.0807431
          ],
          [
            102.4492083,
            17.0805654
          ],
          [
            102.4491364,
            17.0804336
          ],
          [
            102.4490471,
            17.0803447
          ],
          [
            102.4489183,
            17.0803106
          ],
          [
            102.4487467,
            17.0803193
          ],
          [
            102.4485573,
            17.0803329
          ],
          [
            102.448339,
            17.0803106
          ],
          [
            102.4480388,
            17.0802065
          ],
          [
            102.4476952,
            17.0801772
          ],
          [
            102.4473876,
            17.0802285
          ],
          [
            102.4471663,
            17.0803295
          ],
          [
            102.446912,
            17.0805362
          ],
          [
            102.446676,
            17.0807856
          ],
          [
            102.4465365,
            17.0809977
          ],
          [
            102.4464829,
            17.0811618
          ],
          [
            102.4464614,
            17.0813156
          ],
          [
            102.4465046,
            17.0815328
          ],
          [
            102.4465687,
            17.0817807
          ],
          [
            102.4465687,
            17.0819176
          ],
          [
            102.4465188,
            17.0819771
          ],
          [
            102.4464402,
            17.0820045
          ],
          [
            102.4463364,
            17.0820148
          ],
          [
            102.4462074,
            17.0819858
          ],
          [
            102.4460468,
            17.0818848
          ],
          [
            102.445528,
            17.0814302
          ],
          [
            102.4453674,
            17.0812148
          ],
          [
            102.445292,
            17.0810592
          ],
          [
            102.4452526,
            17.0809156
          ],
          [
            102.4452099,
            17.0807192
          ],
          [
            102.4451313,
            17.0804423
          ],
          [
            102.4450916,
            17.0802593
          ],
          [
            102.4450881,
            17.0800849
          ],
          [
            102.4451134,
            17.0799637
          ],
          [
            102.445167,
            17.0798578
          ],
          [
            102.4452847,
            17.0797639
          ],
          [
            102.4454175,
            17.0796252
          ],
          [
            102.4454926,
            17.0794645
          ],
          [
            102.4455141,
            17.0792765
          ],
          [
            102.4454958,
            17.0791347
          ],
          [
            102.4453888,
            17.0789381
          ],
          [
            102.4452923,
            17.0788355
          ],
          [
            102.4451418,
            17.078786
          ],
          [
            102.4449272,
            17.0787878
          ],
          [
            102.4446697,
            17.0788614
          ],
          [
            102.4442548,
            17.0789707
          ],
          [
            102.4440582,
            17.0789742
          ],
          [
            102.4438578,
            17.0789296
          ],
          [
            102.4436719,
            17.0788204
          ],
          [
            102.4434037,
            17.0786322
          ],
          [
            102.4430961,
            17.0783656
          ],
          [
            102.4428029,
            17.0781279
          ],
          [
            102.4425384,
            17.0780015
          ],
          [
            102.4424169,
            17.0779912
          ],
          [
            102.4423239,
            17.0780356
          ],
          [
            102.4422702,
            17.0781246
          ],
          [
            102.4422557,
            17.078232
          ],
          [
            102.4422914,
            17.0783312
          ],
          [
            102.4425454,
            17.0786114
          ],
          [
            102.4425669,
            17.0787209
          ],
          [
            102.4425349,
            17.0788355
          ],
          [
            102.4424274,
            17.0790012
          ],
          [
            102.4419266,
            17.0794627
          ],
          [
            102.4418054,
            17.0795193
          ],
          [
            102.4416624,
            17.0795501
          ],
          [
            102.4415262,
            17.0795516
          ],
          [
            102.441344,
            17.0794988
          ],
          [
            102.4410326,
            17.0793158
          ],
          [
            102.4407505,
            17.0791399
          ],
          [
            102.4405072,
            17.0789176
          ],
          [
            102.4403138,
            17.078714
          ],
          [
            102.4401242,
            17.0784166
          ],
          [
            102.4399311,
            17.0781194
          ],
          [
            102.4398096,
            17.0778118
          ],
          [
            102.4396808,
            17.0772513
          ]
        ]
      },
      "id": "way/783813731"
    },
    {
      "type": "Feature",
      "properties": {
        "@id": "way/872358610",
        "waterway": "canal",
        "width": "4"
      },
      "geometry": {
        "type": "LineString",
        "coordinates": [
          [
            102.0617988,
            17.2358687
          ],
          [
            102.0618846,
            17.236258
          ],
          [
            102.0618846,
            17.2367499
          ],
          [
            102.0618846,
            17.2374262
          ],
          [
            102.0620777,
            17.2375492
          ],
          [
            102.0620133,
            17.2378771
          ],
          [
            102.061906,
            17.2383484
          ],
          [
            102.0620348,
            17.2388813
          ],
          [
            102.0622279,
            17.2389018
          ],
          [
            102.0622923,
            17.2391477
          ],
          [
            102.0620777,
            17.2391887
          ],
          [
            102.0616486,
            17.2391682
          ],
          [
            102.0613911,
            17.2400289
          ],
          [
            102.0610516,
            17.2405544
          ],
          [
            102.0611004,
            17.2408184
          ],
          [
            102.0613443,
            17.2406942
          ],
          [
            102.0615882,
            17.2404146
          ],
          [
            102.0617346,
            17.240632
          ],
          [
            102.061637,
            17.2408029
          ],
          [
            102.0615394,
            17.2411601
          ],
          [
            102.0610841,
            17.2414552
          ],
          [
            102.0611004,
            17.2416726
          ],
          [
            102.0614419,
            17.2419522
          ],
          [
            102.0614744,
            17.2422007
          ],
          [
            102.0611817,
            17.2422162
          ],
          [
            102.0608564,
            17.2419988
          ],
          [
            102.0608402,
            17.2423715
          ],
          [
            102.0607751,
            17.2429151
          ],
          [
            102.0610353,
            17.2430238
          ],
          [
            102.0610516,
            17.2432723
          ],
          [
            102.0610353,
            17.2435519
          ],
          [
            102.0611004,
            17.2437693
          ],
          [
            102.060954,
            17.2439091
          ],
          [
            102.0607264,
            17.2440023
          ],
          [
            102.0607264,
            17.2443284
          ],
          [
            102.0610353,
            17.2442663
          ],
          [
            102.061263,
            17.2443906
          ],
          [
            102.0611492,
            17.2445303
          ],
          [
            102.0605475,
            17.2446701
          ],
          [
            102.0607589,
            17.244872
          ],
          [
            102.060889,
            17.2452758
          ],
          [
            102.0608402,
            17.245633
          ],
          [
            102.0607426,
            17.2458194
          ],
          [
            102.0608564,
            17.2460368
          ],
          [
            102.061263,
            17.2459281
          ],
          [
            102.0617183,
            17.2459281
          ],
          [
            102.0618159,
            17.2458039
          ],
          [
            102.0617834,
            17.2456175
          ],
          [
            102.0616695,
            17.2454156
          ],
          [
            102.0619135,
            17.2453535
          ],
          [
            102.0621086,
            17.2454932
          ],
          [
            102.0621899,
            17.2457728
          ],
          [
            102.0621899,
            17.2459126
          ],
          [
            102.0623851,
            17.2462387
          ],
          [
            102.0628729,
            17.2463474
          ],
          [
            102.063142,
            17.2464688
          ],
          [
            102.0631777,
            17.2466577
          ]
        ]
      },
      "id": "way/872358610"
    },
    {
      "type": "Feature",
      "properties": {
        "@id": "way/872358611",
        "waterway": "canal",
        "width": "4"
      },
      "geometry": {
        "type": "LineString",
        "coordinates": [
          [
            102.0631979,
            17.2467641
          ],
          [
            102.0632307,
            17.2469376
          ],
          [
            102.0634746,
            17.2467512
          ],
          [
            102.063995,
            17.2466425
          ],
          [
            102.0641576,
            17.2467823
          ],
          [
            102.0643527,
            17.2470153
          ],
          [
            102.0643202,
            17.2475744
          ],
          [
            102.0646129,
            17.2479782
          ],
          [
            102.064743,
            17.2484751
          ],
          [
            102.0649219,
            17.2488945
          ],
          [
            102.0649382,
            17.2493138
          ],
          [
            102.0647756,
            17.2497176
          ],
          [
            102.0648731,
            17.2499505
          ],
          [
            102.064987,
            17.2502767
          ],
          [
            102.064987,
            17.2505717
          ],
          [
            102.0648731,
            17.2508358
          ],
          [
            102.0651171,
            17.2510066
          ],
          [
            102.0653772,
            17.2506805
          ]
        ]
      },
      "id": "way/872358611"
    },
    {
      "type": "Feature",
      "properties": {
        "@id": "way/872358612",
        "layer": "-1",
        "tunnel": "culvert",
        "waterway": "canal",
        "width": "4"
      },
      "geometry": {
        "type": "LineString",
        "coordinates": [
          [
            102.0631777,
            17.2466577
          ],
          [
            102.0631979,
            17.2467641
          ]
        ]
      },
      "id": "way/872358612"
    },
    {
      "type": "Feature",
      "properties": {
        "@id": "way/872358613",
        "waterway": "canal",
        "width": "4"
      },
      "geometry": {
        "type": "LineString",
        "coordinates": [
          [
            102.0653772,
            17.2506805
          ],
          [
            102.0654878,
            17.2505867
          ],
          [
            102.0656233,
            17.250622
          ],
          [
            102.0657219,
            17.2509044
          ],
          [
            102.0659068,
            17.2511281
          ]
        ]
      },
      "id": "way/872358613"
    },
    {
      "type": "Feature",
      "properties": {
        "@id": "way/872358614",
        "waterway": "canal"
      },
      "geometry": {
        "type": "LineString",
        "coordinates": [
          [
            102.0659068,
            17.2511281
          ],
          [
            102.0660177,
            17.2510221
          ],
          [
            102.0659561,
            17.2507632
          ],
          [
            102.0660054,
            17.2504572
          ],
          [
            102.0661779,
            17.2503513
          ],
          [
            102.0663751,
            17.2503983
          ],
          [
            102.0666339,
            17.250363
          ],
          [
            102.0668064,
            17.2503983
          ],
          [
            102.0669667,
            17.2505631
          ],
          [
            102.0668927,
            17.250775
          ],
          [
            102.0668434,
            17.2511516
          ],
          [
            102.0669297,
            17.2514459
          ],
          [
            102.0672748,
            17.2516342
          ],
          [
            102.0673857,
            17.2517754
          ],
          [
            102.0672378,
            17.251952
          ],
          [
            102.0673857,
            17.2520932
          ],
          [
            102.0678047,
            17.252105
          ],
          [
            102.0680019,
            17.2522109
          ],
          [
            102.0680512,
            17.252411
          ]
        ]
      },
      "id": "way/872358614"
    },
    {
      "type": "Feature",
      "properties": {
        "@id": "way/872358615",
        "waterway": "canal"
      },
      "geometry": {
        "type": "LineString",
        "coordinates": [
          [
            102.0680512,
            17.252411
          ],
          [
            102.0677249,
            17.2525247
          ],
          [
            102.0675941,
            17.2528458
          ],
          [
            102.0677249,
            17.2533453
          ],
          [
            102.0678183,
            17.2536129
          ],
          [
            102.0678183,
            17.2542016
          ],
          [
            102.0681732,
            17.25438
          ],
          [
            102.0681732,
            17.2539876
          ],
          [
            102.0681358,
            17.25372
          ],
          [
            102.0685281,
            17.2536665
          ],
          [
            102.0686775,
            17.2539519
          ],
          [
            102.0684721,
            17.2545763
          ],
          [
            102.0683413,
            17.2548439
          ],
          [
            102.0686402,
            17.2549152
          ],
          [
            102.0687149,
            17.2553077
          ],
          [
            102.0686589,
            17.2558964
          ],
          [
            102.0689764,
            17.2560034
          ],
          [
            102.0691072,
            17.2562532
          ],
          [
            102.0690511,
            17.2568597
          ],
          [
            102.0681919,
            17.2569667
          ],
          [
            102.0679864,
            17.2571808
          ],
          [
            102.067482,
            17.2572521
          ],
          [
            102.0677809,
            17.2578408
          ],
          [
            102.0677809,
            17.2581619
          ],
          [
            102.0681171,
            17.2583938
          ],
          [
            102.0681171,
            17.2586793
          ],
          [
            102.0677062,
            17.2590717
          ],
          [
            102.067893,
            17.2593928
          ],
          [
            102.0675381,
            17.260035
          ],
          [
            102.0673699,
            17.2604631
          ],
          [
            102.0675194,
            17.2606594
          ],
          [
            102.0678556,
            17.2606415
          ],
          [
            102.0680237,
            17.2607129
          ],
          [
            102.0682666,
            17.2613194
          ],
          [
            102.0684159,
            17.2613194
          ],
          [
            102.0687149,
            17.2613194
          ],
          [
            102.0690138,
            17.2613194
          ],
          [
            102.0690138,
            17.261383
          ],
          [
            102.0690138,
            17.2616762
          ],
          [
            102.069094,
            17.2618141
          ],
          [
            102.0692006,
            17.2619973
          ],
          [
            102.0696489,
            17.2621043
          ],
          [
            102.069817,
            17.2624789
          ]
        ]
      },
      "id": "way/872358615"
    },
    {
      "type": "Feature",
      "properties": {
        "@id": "way/872358617",
        "waterway": "canal",
        "width": "5"
      },
      "geometry": {
        "type": "LineString",
        "coordinates": [
          [
            102.0700158,
            17.2626204
          ],
          [
            102.0701134,
            17.2628999
          ],
          [
            102.070585,
            17.2630242
          ],
          [
            102.0705931,
            17.2632261
          ],
          [
            102.0703899,
            17.2633891
          ],
          [
            102.0703736,
            17.2636842
          ],
          [
            102.0706826,
            17.2638705
          ],
          [
            102.0708289,
            17.2639792
          ],
          [
            102.0708511,
            17.2640724
          ],
          [
            102.0709102,
            17.2643209
          ],
          [
            102.0708284,
            17.2645032
          ],
          [
            102.0708127,
            17.2645383
          ],
          [
            102.0707964,
            17.2647324
          ],
          [
            102.0709753,
            17.2647712
          ],
          [
            102.0712843,
            17.2645305
          ],
          [
            102.0716827,
            17.2642743
          ],
          [
            102.0722844,
            17.2643053
          ],
          [
            102.0724876,
            17.2643907
          ],
          [
            102.0726909,
            17.2646703
          ],
          [
            102.0727885,
            17.2650507
          ],
          [
            102.0730812,
            17.2652216
          ],
          [
            102.0732926,
            17.2654001
          ],
          [
            102.0733739,
            17.2657884
          ],
          [
            102.0735284,
            17.2659359
          ],
          [
            102.0736299,
            17.2660813
          ],
          [
            102.073691,
            17.2661688
          ],
          [
            102.0736422,
            17.2664251
          ],
          [
            102.0734471,
            17.2664872
          ],
          [
            102.0733675,
            17.2665908
          ],
          [
            102.0732682,
            17.2667201
          ],
          [
            102.0732601,
            17.2670928
          ],
          [
            102.073439,
            17.2672869
          ],
          [
            102.0735203,
            17.2677295
          ],
          [
            102.0734796,
            17.2681954
          ],
          [
            102.0737967,
            17.2685137
          ],
          [
            102.0742521,
            17.2686845
          ],
          [
            102.0749757,
            17.2688088
          ],
          [
            102.075553,
            17.2690572
          ],
          [
            102.0757481,
            17.2692746
          ],
          [
            102.0756424,
            17.2695153
          ],
          [
            102.0755693,
            17.2697172
          ],
          [
            102.0757481,
            17.2698725
          ],
          [
            102.0760246,
            17.2697948
          ],
          [
            102.0762685,
            17.2696784
          ],
          [
            102.0764149,
            17.2697638
          ],
          [
            102.0764393,
            17.2701132
          ],
          [
            102.0763824,
            17.2705169
          ],
          [
            102.0762197,
            17.2708585
          ],
          [
            102.0763254,
            17.2711614
          ],
          [
            102.076423,
            17.2714719
          ],
          [
            102.076423,
            17.2718213
          ],
          [
            102.076236,
            17.2719999
          ],
          [
            102.0759677,
            17.2721241
          ],
          [
            102.0758051,
            17.2723105
          ],
          [
            102.0757969,
            17.2725279
          ],
          [
            102.0761466,
            17.2727142
          ],
          [
            102.0765206,
            17.2730248
          ],
          [
            102.0766425,
            17.2734829
          ],
          [
            102.0765043,
            17.2739099
          ],
          [
            102.0765206,
            17.2744379
          ],
          [
            102.0765368,
            17.2746863
          ],
          [
            102.0763092,
            17.2749037
          ],
          [
            102.0761791,
            17.2750512
          ],
          [
            102.0762279,
            17.2752686
          ],
          [
            102.0764799,
            17.275486
          ],
          [
            102.0767808,
            17.2757655
          ],
          [
            102.0767808,
            17.2760994
          ],
          [
            102.0768621,
            17.2767438
          ],
          [
            102.0767401,
            17.2770078
          ],
          [
            102.0764799,
            17.2772485
          ],
          [
            102.0763336,
            17.2774193
          ],
          [
            102.0764311,
            17.2775979
          ],
          [
            102.0770003,
            17.2775979
          ],
          [
            102.0773825,
            17.2777066
          ],
          [
            102.0774882,
            17.2778463
          ],
          [
            102.0773012,
            17.2782578
          ],
          [
            102.0775695,
            17.2787159
          ],
          [
            102.0776833,
            17.2789255
          ],
          [
            102.0776264,
            17.2791507
          ],
          [
            102.0772036,
            17.2792827
          ],
          [
            102.0769597,
            17.2794146
          ],
          [
            102.0769271,
            17.2796087
          ],
          [
            102.077106,
            17.2798028
          ],
          [
            102.0773174,
            17.279896
          ],
          [
            102.0776996,
            17.2799271
          ],
          [
            102.0780573,
            17.280028
          ],
          [
            102.0782118,
            17.2800202
          ],
          [
            102.0783013,
            17.2801056
          ],
          [
            102.0782931,
            17.280323
          ],
          [
            102.0781793,
            17.2804705
          ],
          [
            102.0782606,
            17.2806413
          ],
          [
            102.078472,
            17.2808121
          ],
          [
            102.0784557,
            17.2809907
          ],
          [
            102.0783744,
            17.2811615
          ],
          [
            102.07822,
            17.2812702
          ],
          [
            102.0782037,
            17.281441
          ],
          [
            102.0783744,
            17.2815342
          ],
          [
            102.0786102,
            17.2816118
          ],
          [
            102.0786753,
            17.2817361
          ],
          [
            102.0786346,
            17.2818758
          ],
          [
            102.0783988,
            17.2818991
          ],
          [
            102.0782118,
            17.2820233
          ],
          [
            102.0782037,
            17.2822096
          ],
          [
            102.0782037,
            17.282427
          ],
          [
            102.0784964,
            17.2824426
          ],
          [
            102.0789192,
            17.2826134
          ],
          [
            102.0789924,
            17.2829006
          ],
          [
            102.0790737,
            17.2832422
          ],
          [
            102.0792444,
            17.2834829
          ],
          [
            102.0794559,
            17.2836071
          ],
          [
            102.0795453,
            17.2839254
          ],
          [
            102.0794559,
            17.2841584
          ],
          [
            102.0794477,
            17.2845077
          ],
          [
            102.079342,
            17.2847174
          ],
          [
            102.0791469,
            17.2851676
          ],
          [
            102.079342,
            17.2854782
          ]
        ]
      },
      "id": "way/872358617"
    },
    {
      "type": "Feature",
      "properties": {
        "@id": "way/872360354",
        "waterway": "canal"
      },
      "geometry": {
        "type": "LineString",
        "coordinates": [
          [
            102.079342,
            17.2854782
          ],
          [
            102.0798441,
            17.2856597
          ],
          [
            102.0801016,
            17.2856392
          ],
          [
            102.0806595,
            17.2858851
          ],
          [
            102.0812818,
            17.2862539
          ],
          [
            102.0814535,
            17.2864178
          ],
          [
            102.0818397,
            17.286049
          ],
          [
            102.0825263,
            17.2864792
          ],
          [
            102.082977,
            17.2866227
          ],
          [
            102.0832265,
            17.2865252
          ],
          [
            102.083633,
            17.2866494
          ],
          [
            102.0839908,
            17.2870376
          ],
          [
            102.0846738,
            17.2872394
          ],
          [
            102.0851616,
            17.2873636
          ],
          [
            102.0854056,
            17.2877829
          ],
          [
            102.0859585,
            17.2882487
          ],
          [
            102.0864951,
            17.2885282
          ],
          [
            102.0867878,
            17.288435
          ],
          [
            102.086674,
            17.2880779
          ],
          [
            102.0864951,
            17.2878295
          ],
          [
            102.086983,
            17.2877208
          ],
          [
            102.0876009,
            17.28814
          ],
          [
            102.0878448,
            17.2888387
          ],
          [
            102.0876172,
            17.2891182
          ],
          [
            102.0874666,
            17.2892881
          ],
          [
            102.0873486,
            17.2893905
          ],
          [
            102.0876061,
            17.2895339
          ],
          [
            102.0879602,
            17.2892676
          ],
          [
            102.0881747,
            17.2891037
          ],
          [
            102.0883893,
            17.2891037
          ],
          [
            102.088797,
            17.2893495
          ],
          [
            102.0890974,
            17.2893495
          ],
          [
            102.0895266,
            17.2891959
          ],
          [
            102.0897626,
            17.2893802
          ],
          [
            102.0898592,
            17.2896056
          ],
          [
            102.0902776,
            17.2896056
          ],
          [
            102.0905887,
            17.289411
          ],
          [
            102.0901489,
            17.288909
          ],
          [
            102.0901059,
            17.2885812
          ],
          [
            102.0902991,
            17.2884583
          ],
          [
            102.0905136,
            17.2886939
          ],
          [
            102.0908999,
            17.2890319
          ],
          [
            102.0911788,
            17.2889602
          ],
          [
            102.0911788,
            17.2886017
          ],
          [
            102.0912432,
            17.2881714
          ],
          [
            102.0917045,
            17.2877617
          ],
          [
            102.0922624,
            17.2875056
          ],
          [
            102.0931958,
            17.2876387
          ],
          [
            102.0933782,
            17.2878744
          ],
          [
            102.0937752,
            17.2886017
          ],
          [
            102.0940005,
            17.2887554
          ],
          [
            102.0944511,
            17.2888885
          ],
          [
            102.0947622,
            17.2892368
          ],
          [
            102.0949232,
            17.2892471
          ],
          [
            102.0951807,
            17.2891037
          ],
          [
            102.0953631,
            17.2890934
          ],
          [
            102.0954489,
            17.2892881
          ],
          [
            102.0954274,
            17.2895442
          ],
          [
            102.0955991,
            17.2896568
          ],
          [
            102.0956957,
            17.2895851
          ],
          [
            102.0959639,
            17.2896466
          ],
          [
            102.0961892,
            17.2897798
          ],
          [
            102.0964896,
            17.2895032
          ],
          [
            102.09679,
            17.2894212
          ],
          [
            102.097026,
            17.2896363
          ],
          [
            102.0972513,
            17.2897593
          ],
          [
            102.0975732,
            17.2894007
          ],
          [
            102.0976268,
            17.288909
          ],
          [
            102.0973694,
            17.2885607
          ],
          [
            102.0974659,
            17.2884071
          ],
          [
            102.0978522,
            17.2882534
          ],
          [
            102.097938,
            17.2878846
          ],
          [
            102.0980775,
            17.2878949
          ],
          [
            102.0981204,
            17.2883251
          ],
          [
            102.0982491,
            17.2884993
          ],
          [
            102.098571,
            17.2884173
          ],
          [
            102.0988285,
            17.288151
          ],
          [
            102.0987963,
            17.2877924
          ],
          [
            102.0984852,
            17.2875568
          ],
          [
            102.0983779,
            17.287188
          ],
          [
            102.0983564,
            17.2869729
          ],
          [
            102.098807,
            17.2867782
          ],
          [
            102.0991825,
            17.2866348
          ],
          [
            102.0995366,
            17.2867065
          ],
          [
            102.0994722,
            17.2868909
          ],
          [
            102.0991825,
            17.287188
          ],
          [
            102.0990645,
            17.2874748
          ],
          [
            102.0991933,
            17.2876797
          ],
          [
            102.0995795,
            17.2873417
          ],
          [
            102.0999872,
            17.2873007
          ],
          [
            102.1002876,
            17.2874544
          ],
          [
            102.100234,
            17.28769
          ],
          [
            102.100352,
            17.2878539
          ],
          [
            102.1006524,
            17.2877207
          ],
          [
            102.1009421,
            17.2878334
          ],
          [
            102.1012103,
            17.2878641
          ],
          [
            102.1013605,
            17.2876285
          ],
          [
            102.101339,
            17.2873519
          ],
          [
            102.1015751,
            17.2872085
          ],
          [
            102.1019077,
            17.2870036
          ],
          [
            102.102133,
            17.2868704
          ],
          [
            102.102605,
            17.2868909
          ],
          [
            102.103002,
            17.2867373
          ],
          [
            102.1032488,
            17.286348
          ],
          [
            102.1033668,
            17.2863172
          ],
          [
            102.1034848,
            17.2864607
          ],
          [
            102.1033346,
            17.2867782
          ],
          [
            102.1033775,
            17.2869421
          ],
          [
            102.1037423,
            17.2869626
          ],
          [
            102.1037959,
            17.2867475
          ],
          [
            102.1037852,
            17.2865734
          ],
          [
            102.1040642,
            17.2861431
          ],
          [
            102.1044075,
            17.2861021
          ],
          [
            102.104504,
            17.2862046
          ],
          [
            102.1043753,
            17.2865426
          ],
          [
            102.1043216,
            17.2867885
          ],
          [
            102.1045148,
            17.2869524
          ],
          [
            102.1047723,
            17.2871675
          ],
          [
            102.1047937,
            17.2875978
          ],
          [
            102.1049439,
            17.2877105
          ],
          [
            102.1052014,
            17.2875773
          ],
          [
            102.1053087,
            17.2873929
          ],
          [
            102.1054804,
            17.2871778
          ],
          [
            102.105416,
            17.2868807
          ],
          [
            102.1055662,
            17.2866963
          ],
          [
            102.10577,
            17.2867065
          ],
          [
            102.1060704,
            17.2869217
          ],
          [
            102.1063923,
            17.2872597
          ],
          [
            102.1065425,
            17.2874031
          ],
          [
            102.1069288,
            17.2868192
          ],
          [
            102.1071648,
            17.2868909
          ],
          [
            102.1072184,
            17.2871061
          ],
          [
            102.1073472,
            17.2874544
          ],
          [
            102.1076154,
            17.2874646
          ],
          [
            102.1077334,
            17.28727
          ],
          [
            102.1077334,
            17.2869729
          ],
          [
            102.1076476,
            17.2867782
          ],
          [
            102.108302,
            17.2870241
          ],
          [
            102.1085703,
            17.28727
          ],
          [
            102.1085381,
            17.2873826
          ],
          [
            102.1082591,
            17.2874544
          ],
          [
            102.1082913,
            17.2879256
          ],
          [
            102.1086024,
            17.2879666
          ],
          [
            102.1090638,
            17.2877002
          ],
          [
            102.1093749,
            17.2876695
          ],
          [
            102.1092354,
            17.2881305
          ],
          [
            102.1095895,
            17.2885505
          ],
          [
            102.1097397,
            17.2883456
          ],
          [
            102.1097397,
            17.2879768
          ],
          [
            102.1101581,
            17.2875261
          ],
          [
            102.1105122,
            17.2874851
          ],
          [
            102.1104478,
            17.2879461
          ],
          [
            102.1106624,
            17.2884071
          ],
          [
            102.1104907,
            17.2885505
          ],
          [
            102.1106195,
            17.2888271
          ],
          [
            102.1111237,
            17.2889398
          ],
          [
            102.111467,
            17.2887246
          ],
          [
            102.111864,
            17.2888168
          ],
          [
            102.1122181,
            17.2888373
          ],
          [
            102.1121215,
            17.2886632
          ],
          [
            102.1117138,
            17.288489
          ],
          [
            102.1116816,
            17.2882739
          ],
          [
            102.1118962,
            17.2881202
          ],
          [
            102.1123254,
            17.28811
          ],
          [
            102.1125614,
            17.2882944
          ],
          [
            102.1128082,
            17.2883251
          ],
          [
            102.1130871,
            17.2883763
          ],
          [
            102.1131193,
            17.2885812
          ],
          [
            102.1128189,
            17.2886324
          ],
          [
            102.1127331,
            17.2890012
          ],
          [
            102.1125399,
            17.2891446
          ],
          [
            102.112379,
            17.2897183
          ],
          [
            102.1121,
            17.289831
          ],
          [
            102.1120357,
            17.2901281
          ],
          [
            102.1122503,
            17.2902305
          ],
          [
            102.1127331,
            17.2901895
          ],
          [
            102.1128082,
            17.2907017
          ],
          [
            102.1129584,
            17.2909373
          ],
          [
            102.1126794,
            17.2910295
          ],
          [
            102.1126579,
            17.2913471
          ],
          [
            102.1129154,
            17.2915212
          ],
          [
            102.1132588,
            17.2913983
          ],
          [
            102.1132373,
            17.291091
          ],
          [
            102.1133768,
            17.2908964
          ],
          [
            102.1136235,
            17.2907837
          ],
          [
            102.1135914,
            17.2904149
          ],
          [
            102.1137416,
            17.2904251
          ],
          [
            102.1139347,
            17.2907427
          ],
          [
            102.1141171,
            17.2909476
          ],
          [
            102.1138274,
            17.2910295
          ],
          [
            102.1135592,
            17.2911934
          ],
          [
            102.1136879,
            17.2913881
          ],
          [
            102.1142351,
            17.2915827
          ],
          [
            102.1145784,
            17.2914188
          ],
          [
            102.1151792,
            17.2912139
          ],
          [
            102.1157157,
            17.2909476
          ],
          [
            102.1157764,
            17.2910484
          ]
        ]
      },
      "id": "way/872360354"
    },
    {
      "type": "Feature",
      "properties": {
        "@id": "way/872360355",
        "waterway": "canal"
      },
      "geometry": {
        "type": "LineString",
        "coordinates": [
          [
            102.1158348,
            17.2911451
          ],
          [
            102.1159195,
            17.2912856
          ],
          [
            102.1156513,
            17.291593
          ],
          [
            102.1155655,
            17.2918695
          ],
          [
            102.1157479,
            17.2919822
          ],
          [
            102.1161341,
            17.2919617
          ],
          [
            102.1163165,
            17.2921154
          ],
          [
            102.1161877,
            17.292351
          ],
          [
            102.1159732,
            17.2926173
          ],
          [
            102.1161126,
            17.2929451
          ],
          [
            102.116413,
            17.2929554
          ],
          [
            102.116413,
            17.292689
          ],
          [
            102.11681,
            17.2925047
          ],
          [
            102.1171211,
            17.292392
          ],
          [
            102.1172713,
            17.2923203
          ],
          [
            102.1173572,
            17.2925969
          ],
          [
            102.1171855,
            17.2929861
          ],
          [
            102.117207,
            17.2932012
          ],
          [
            102.1177434,
            17.2932729
          ],
          [
            102.1179151,
            17.2930886
          ],
          [
            102.117722,
            17.2926378
          ],
          [
            102.1179365,
            17.2925251
          ],
          [
            102.118312,
            17.2926993
          ],
          [
            102.1184086,
            17.2930988
          ],
          [
            102.1181404,
            17.2934061
          ],
          [
            102.1182691,
            17.2937544
          ],
          [
            102.1186554,
            17.2937749
          ],
          [
            102.1189987,
            17.2936827
          ],
          [
            102.1191596,
            17.2940515
          ],
          [
            102.1195137,
            17.2942666
          ],
          [
            102.1189665,
            17.2949632
          ],
          [
            102.1187734,
            17.2949734
          ],
          [
            102.1186983,
            17.2945739
          ],
          [
            102.1185695,
            17.2944817
          ],
          [
            102.1183979,
            17.2945944
          ],
          [
            102.1184086,
            17.2947993
          ],
          [
            102.1185588,
            17.2952602
          ],
          [
            102.1187841,
            17.2953422
          ],
          [
            102.1192133,
            17.295209
          ],
          [
            102.1195029,
            17.2952193
          ],
          [
            102.1195673,
            17.2954344
          ],
          [
            102.1195029,
            17.2955573
          ],
          [
            102.1190416,
            17.29567
          ],
          [
            102.1189665,
            17.2958851
          ],
          [
            102.1190738,
            17.2961105
          ]
        ]
      },
      "id": "way/872360355"
    },
    {
      "type": "Feature",
      "properties": {
        "@id": "way/872360356",
        "layer": "-1",
        "tunnel": "culvert",
        "waterway": "canal"
      },
      "geometry": {
        "type": "LineString",
        "coordinates": [
          [
            102.1157764,
            17.2910484
          ],
          [
            102.1158348,
            17.2911451
          ]
        ]
      },
      "id": "way/872360356"
    },
    {
      "type": "Feature",
      "properties": {
        "@id": "way/1039835489",
        "waterway": "stream"
      },
      "geometry": {
        "type": "LineString",
        "coordinates": [
          [
            101.9932001,
            17.2349883
          ],
          [
            101.9934981,
            17.2350498
          ],
          [
            101.9935831,
            17.2351008
          ],
          [
            101.9937699,
            17.2350844
          ],
          [
            101.9939391,
            17.2350498
          ],
          [
            101.9940699,
            17.2349883
          ],
          [
            101.9941223,
            17.2349152
          ],
          [
            101.9941867,
            17.2348152
          ],
          [
            101.9942975,
            17.2347556
          ],
          [
            101.9943438,
            17.2346806
          ],
          [
            101.994384,
            17.2346344
          ],
          [
            101.9945552,
            17.2346517
          ],
          [
            101.9946901,
            17.2346267
          ],
          [
            101.994825,
            17.2346921
          ],
          [
            101.9949398,
            17.2346921
          ]
        ]
      },
      "id": "way/1039835489"
    },
    {
      "type": "Feature",
      "properties": {
        "@id": "way/1320350224",
        "waterway": "stream"
      },
      "geometry": {
        "type": "LineString",
        "coordinates": [
          [
            102.1818268,
            17.1660161
          ],
          [
            102.1820693,
            17.1657631
          ],
          [
            102.1824261,
            17.1653285
          ],
          [
            102.1826758,
            17.1650132
          ],
          [
            102.1829656,
            17.1646511
          ],
          [
            102.1831351,
            17.1642677
          ],
          [
            102.1833759,
            17.1640035
          ],
          [
            102.183746,
            17.1637521
          ],
          [
            102.1843167,
            17.1633602
          ],
          [
            102.1848251,
            17.1630705
          ],
          [
            102.1851327,
            17.1628361
          ],
          [
            102.1852175,
            17.1626572
          ],
          [
            102.1852041,
            17.1625336
          ],
          [
            102.1850569,
            17.1624484
          ],
          [
            102.1849365,
            17.162491
          ],
          [
            102.1848162,
            17.1626657
          ],
          [
            102.1846645,
            17.1627168
          ],
          [
            102.1844951,
            17.1626614
          ],
          [
            102.1841205,
            17.1622524
          ],
          [
            102.1840403,
            17.1620948
          ],
          [
            102.1840804,
            17.1619499
          ],
          [
            102.1842409,
            17.161771
          ],
          [
            102.1848697,
            17.1614727
          ],
          [
            102.1849945,
            17.16146
          ],
          [
            102.1852442,
            17.1615793
          ],
          [
            102.1853468,
            17.1616219
          ],
          [
            102.1855073,
            17.1615835
          ],
          [
            102.1855876,
            17.1614898
          ],
          [
            102.1856812,
            17.1614429
          ],
          [
            102.1857972,
            17.1614472
          ],
          [
            102.1859577,
            17.1615452
          ],
          [
            102.1861093,
            17.1616687
          ],
          [
            102.1862966,
            17.161673
          ],
          [
            102.1864081,
            17.1616006
          ],
          [
            102.1864348,
            17.1614727
          ],
          [
            102.186301,
            17.16097
          ],
          [
            102.186136,
            17.1605993
          ],
          [
            102.1859666,
            17.1603607
          ],
          [
            102.1859309,
            17.1602287
          ],
          [
            102.18598,
            17.1601094
          ],
          [
            102.1861138,
            17.1600795
          ],
          [
            102.1863545,
            17.1600582
          ],
          [
            102.1864081,
            17.1600156
          ],
          [
            102.1864571,
            17.1599219
          ],
          [
            102.1864616,
            17.1597855
          ],
          [
            102.1864036,
            17.1594873
          ],
          [
            102.1864571,
            17.159368
          ],
          [
            102.1865507,
            17.1593084
          ],
          [
            102.1866934,
            17.1593339
          ],
          [
            102.1868896,
            17.1593808
          ],
          [
            102.1872152,
            17.1593851
          ],
          [
            102.1874515,
            17.1594191
          ],
          [
            102.1875942,
            17.1595001
          ],
          [
            102.1878796,
            17.1596279
          ],
          [
            102.1882006,
            17.1596663
          ],
          [
            102.1885707,
            17.159662
          ],
          [
            102.1888427,
            17.1596194
          ],
          [
            102.1891147,
            17.1595086
          ],
          [
            102.18936,
            17.1593467
          ],
          [
            102.1895294,
            17.1591294
          ],
          [
            102.1895829,
            17.1589249
          ],
          [
            102.1896231,
            17.1587545
          ],
          [
            102.1897033,
            17.1586778
          ],
          [
            102.1898728,
            17.1586139
          ],
          [
            102.1899762,
            17.1585468
          ],
          [
            102.1900163,
            17.1584361
          ],
          [
            102.1899049,
            17.1580952
          ],
          [
            102.1899316,
            17.1576691
          ],
          [
            102.1899673,
            17.1575669
          ],
          [
            102.1901724,
            17.1575328
          ],
          [
            102.1902884,
            17.157618
          ],
          [
            102.1903954,
            17.1576649
          ],
          [
            102.1905514,
            17.1576223
          ],
          [
            102.1906495,
            17.1573922
          ],
          [
            102.1907566,
            17.1570258
          ],
          [
            102.1908279,
            17.1569746
          ],
          [
            102.1910954,
            17.1569704
          ],
          [
            102.1912917,
            17.1569491
          ],
          [
            102.1915726,
            17.1567914
          ],
          [
            102.1917331,
            17.1565784
          ],
          [
            102.1919204,
            17.1562844
          ],
          [
            102.1919025,
            17.1560799
          ],
          [
            102.1917777,
            17.1558456
          ],
          [
            102.1917509,
            17.1556027
          ],
          [
            102.1917911,
            17.1553854
          ],
          [
            102.1920229,
            17.1551085
          ],
          [
            102.1922504,
            17.1547463
          ],
          [
            102.1923708,
            17.1543841
          ],
          [
            102.1925001,
            17.1541711
          ],
          [
            102.1927721,
            17.1539282
          ],
          [
            102.1929861,
            17.1538643
          ],
          [
            102.1931556,
            17.1538814
          ],
          [
            102.193276,
            17.153941
          ],
          [
            102.193325,
            17.1540518
          ],
          [
            102.1933027,
            17.1542308
          ],
          [
            102.1931912,
            17.1543714
          ],
          [
            102.1930842,
            17.1545375
          ],
          [
            102.1931199,
            17.1546227
          ],
          [
            102.1932403,
            17.1546483
          ],
          [
            102.1934276,
            17.1545631
          ],
          [
            102.1938913,
            17.1541924
          ],
          [
            102.1943996,
            17.1537109
          ],
          [
            102.1945958,
            17.1535874
          ],
          [
            102.1948857,
            17.1535959
          ],
          [
            102.1952647,
            17.1536811
          ],
          [
            102.1955501,
            17.1538089
          ],
          [
            102.1960228,
            17.1540816
          ],
          [
            102.1960941,
            17.1541455
          ],
          [
            102.1962546,
            17.1542606
          ],
          [
            102.1963706,
            17.1542904
          ],
          [
            102.196491,
            17.1542563
          ],
          [
            102.1965891,
            17.1541413
          ],
          [
            102.1966515,
            17.1539708
          ],
          [
            102.1967318,
            17.1538942
          ],
          [
            102.1968878,
            17.1538643
          ],
          [
            102.1972624,
            17.1539112
          ],
          [
            102.1975968,
            17.1538388
          ],
          [
            102.197793,
            17.1538984
          ],
          [
            102.1978956,
            17.1540348
          ],
          [
            102.1980115,
            17.1541668
          ],
          [
            102.198181,
            17.1542776
          ],
          [
            102.1983593,
            17.1543628
          ],
          [
            102.1988811,
            17.1545631
          ],
          [
            102.1990193,
            17.1545929
          ],
          [
            102.1991308,
            17.1545844
          ],
          [
            102.199434,
            17.1544907
          ],
          [
            102.1996034,
            17.1542947
          ],
          [
            102.1996302,
            17.154039
          ],
          [
            102.1997372,
            17.1539325
          ],
          [
            102.1998977,
            17.1539112
          ],
          [
            102.2000806,
            17.1540475
          ],
          [
            102.200357,
            17.1540816
          ],
          [
            102.2005666,
            17.1540518
          ],
          [
            102.2008163,
            17.1539069
          ],
          [
            102.2009947,
            17.1538473
          ],
          [
            102.2011106,
            17.1538729
          ],
          [
            102.2011552,
            17.1540092
          ],
          [
            102.2011017,
            17.1541498
          ],
          [
            102.2008743,
            17.1543628
          ],
          [
            102.2008341,
            17.1544566
          ],
          [
            102.2008921,
            17.1545716
          ],
          [
            102.2010928,
            17.1546313
          ],
          [
            102.2013826,
            17.1546611
          ],
          [
            102.2018464,
            17.1546867
          ],
          [
            102.2021273,
            17.154627
          ],
          [
            102.202319,
            17.1545375
          ],
          [
            102.2025197,
            17.1543287
          ],
          [
            102.2027471,
            17.1541668
          ],
          [
            102.2032064,
            17.1540135
          ],
          [
            102.2034962,
            17.1538984
          ],
          [
            102.2036746,
            17.1538771
          ],
          [
            102.203795,
            17.1539155
          ],
          [
            102.2040893,
            17.1540348
          ],
          [
            102.2044594,
            17.1540731
          ],
          [
            102.2046065,
            17.1540348
          ],
          [
            102.204669,
            17.1539538
          ],
          [
            102.2047582,
            17.1537195
          ],
          [
            102.2049321,
            17.1535363
          ],
          [
            102.205155,
            17.1534169
          ],
          [
            102.2054627,
            17.1533829
          ],
          [
            102.2055786,
            17.153336
          ],
          [
            102.2056411,
            17.1532337
          ],
          [
            102.2058596,
            17.1524114
          ],
          [
            102.2058863,
            17.1520705
          ],
          [
            102.2059443,
            17.1518831
          ],
          [
            102.206136,
            17.1517169
          ],
          [
            102.2063679,
            17.1516828
          ],
          [
            102.2067068,
            17.1516615
          ],
          [
            102.2070011,
            17.1515976
          ],
          [
            102.2071215,
            17.1515039
          ],
          [
            102.207233,
            17.151261
          ],
          [
            102.2073177,
            17.1511886
          ],
          [
            102.2074604,
            17.1511545
          ],
          [
            102.20837,
            17.1512567
          ],
          [
            102.2085172,
            17.1513462
          ],
          [
            102.2084949,
            17.1514826
          ],
          [
            102.2085885,
            17.1515976
          ],
          [
            102.2087758,
            17.1516274
          ],
          [
            102.2095472,
            17.1514186
          ],
          [
            102.209681,
            17.1513121
          ],
          [
            102.2097167,
            17.1511928
          ],
          [
            102.2096097,
            17.1510778
          ],
          [
            102.2096007,
            17.1509116
          ],
          [
            102.2098237,
            17.1506261
          ],
          [
            102.2101938,
            17.150494
          ],
          [
            102.2105639,
            17.1504983
          ],
          [
            102.210778,
            17.1505793
          ],
          [
            102.2110321,
            17.1507412
          ],
          [
            102.211322,
            17.1508008
          ],
          [
            102.2115092,
            17.1507497
          ],
          [
            102.2117812,
            17.15069
          ],
          [
            102.2118571,
            17.1507412
          ],
          [
            102.2118794,
            17.1508477
          ],
          [
            102.2118303,
            17.150967
          ],
          [
            102.2116742,
            17.1510437
          ],
          [
            102.2114111,
            17.1510906
          ],
          [
            102.2112595,
            17.1511843
          ],
          [
            102.2112417,
            17.1513164
          ],
          [
            102.2113309,
            17.1514186
          ],
          [
            102.2114869,
            17.1514485
          ],
          [
            102.2120176,
            17.1514144
          ],
          [
            102.2121781,
            17.1514655
          ],
          [
            102.2124635,
            17.1515039
          ],
          [
            102.2126285,
            17.1515933
          ],
          [
            102.2127935,
            17.1515763
          ],
          [
            102.2128871,
            17.1514826
          ],
          [
            102.212896,
            17.1512653
          ],
          [
            102.2129674,
            17.151065
          ],
          [
            102.2130699,
            17.1508903
          ],
          [
            102.2132394,
            17.150852
          ],
          [
            102.2133464,
            17.1509201
          ],
          [
            102.2134044,
            17.151065
          ],
          [
            102.2134891,
            17.1511119
          ],
          [
            102.2136139,
            17.1510906
          ],
          [
            102.2140554,
            17.150788
          ],
          [
            102.2142293,
            17.150788
          ],
          [
            102.2143363,
            17.1508733
          ],
          [
            102.2143898,
            17.1509968
          ],
          [
            102.2143854,
            17.1511843
          ],
          [
            102.2144389,
            17.1512823
          ],
          [
            102.2145727,
            17.1513206
          ],
          [
            102.214974,
            17.1513377
          ],
          [
            102.2152995,
            17.1515763
          ],
          [
            102.2154422,
            17.1516104
          ],
          [
            102.2156919,
            17.1515039
          ],
          [
            102.2159238,
            17.1513547
          ],
          [
            102.2163251,
            17.1510991
          ],
          [
            102.2168825,
            17.1507838
          ],
          [
            102.2173105,
            17.1506176
          ],
          [
            102.2175023,
            17.1506219
          ],
          [
            102.2176004,
            17.1506943
          ],
          [
            102.2176361,
            17.1508221
          ],
          [
            102.2177431,
            17.1509329
          ],
          [
            102.2180775,
            17.1510778
          ],
          [
            102.2183228,
            17.1511246
          ],
          [
            102.2184476,
            17.1510906
          ],
          [
            102.2186037,
            17.1509372
          ],
          [
            102.2186527,
            17.1507923
          ],
          [
            102.2186438,
            17.1506602
          ],
          [
            102.2184922,
            17.1504387
          ],
          [
            102.2184788,
            17.1503194
          ],
          [
            102.2185992,
            17.1502043
          ],
          [
            102.2187375,
            17.1502043
          ],
          [
            102.2189782,
            17.1503023
          ],
          [
            102.2191299,
            17.1502853
          ],
          [
            102.2192413,
            17.1501873
          ],
          [
            102.2192815,
            17.1500211
          ],
          [
            102.2192369,
            17.1498677
          ],
          [
            102.2189069,
            17.1495652
          ],
          [
            102.2188489,
            17.1494629
          ],
          [
            102.2188222,
            17.1492797
          ],
          [
            102.2188935,
            17.1491093
          ],
          [
            102.2190496,
            17.1490539
          ],
          [
            102.2192458,
            17.1490709
          ],
          [
            102.2194286,
            17.1491604
          ],
          [
            102.2195579,
            17.1492414
          ],
          [
            102.2196783,
            17.1492328
          ],
          [
            102.2198433,
            17.1491561
          ],
          [
            102.2200172,
            17.1488962
          ]
        ]
      },
      "id": "way/1320350224"
    },
    {
      "type": "Feature",
      "properties": {
        "@id": "way/1320350225",
        "layer": "-1",
        "tunnel": "culvert",
        "waterway": "stream"
      },
      "geometry": {
        "type": "LineString",
        "coordinates": [
          [
            102.1817207,
            17.166116
          ],
          [
            102.1818268,
            17.1660161
          ]
        ]
      },
      "id": "way/1320350225"
    },
    {
      "type": "Feature",
      "properties": {
        "@id": "way/1320354588",
        "waterway": "stream"
      },
      "geometry": {
        "type": "LineString",
        "coordinates": [
          [
            102.2551201,
            17.079752
          ],
          [
            102.254601,
            17.076588
          ],
          [
            102.2546344,
            17.0764144
          ],
          [
            102.2547048,
            17.0762408
          ],
          [
            102.2568806,
            17.0743416
          ],
          [
            102.2569917,
            17.0741999
          ],
          [
            102.2571474,
            17.0739377
          ],
          [
            102.2572809,
            17.073555
          ],
          [
            102.2577887,
            17.0715318
          ],
          [
            102.2589784,
            17.0669099
          ],
          [
            102.2590718,
            17.0666777
          ],
          [
            102.2591839,
            17.0665795
          ],
          [
            102.2593613,
            17.0665795
          ]
        ]
      },
      "id": "way/1320354588"
    },
    {
      "type": "Feature",
      "properties": {
        "@id": "way/1320354589",
        "layer": "-1",
        "tunnel": "culvert",
        "waterway": "stream"
      },
      "geometry": {
        "type": "LineString",
        "coordinates": [
          [
            102.2551683,
            17.0800552
          ],
          [
            102.2551201,
            17.079752
          ]
        ]
      },
      "id": "way/1320354589"
    },
    {
      "type": "Feature",
      "properties": {
        "@id": "way/1443451637",
        "waterway": "stream"
      },
      "geometry": {
        "type": "LineString",
        "coordinates": [
          [
            102.4622416,
            17.2369649
          ],
          [
            102.4623013,
            17.2359134
          ],
          [
            102.4617692,
            17.2350326
          ],
          [
            102.4613718,
            17.2344485
          ],
          [
            102.4612904,
            17.2342366
          ],
          [
            102.4615336,
            17.2339566
          ],
          [
            102.4622149,
            17.2338229
          ],
          [
            102.4621269,
            17.2330654
          ],
          [
            102.4618787,
            17.2322438
          ],
          [
            102.4619503,
            17.2314701
          ],
          [
            102.4599735,
            17.2302897
          ],
          [
            102.4595854,
            17.2302122
          ],
          [
            102.4588351,
            17.2303345
          ],
          [
            102.4585375,
            17.2301718
          ],
          [
            102.4582861,
            17.2302655
          ],
          [
            102.4580085,
            17.2302082
          ],
          [
            102.4578559,
            17.2300838
          ],
          [
            102.4576331,
            17.2300838
          ],
          [
            102.4575392,
            17.2301618
          ]
        ]
      },
      "id": "way/1443451637"
    },
    {
      "type": "Feature",
      "properties": {
        "@id": "way/1443451638",
        "waterway": "stream"
      },
      "geometry": {
        "type": "LineString",
        "coordinates": [
          [
            102.4507412,
            17.2554632
          ],
          [
            102.4509092,
            17.2544107
          ],
          [
            102.4524229,
            17.2520755
          ],
          [
            102.4545515,
            17.2488825
          ],
          [
            102.4559408,
            17.2460762
          ],
          [
            102.457227,
            17.2439705
          ],
          [
            102.4577791,
            17.2431794
          ],
          [
            102.4586976,
            17.2424751
          ],
          [
            102.4611816,
            17.2405228
          ],
          [
            102.4620993,
            17.2379512
          ],
          [
            102.4621361,
            17.2376966
          ]
        ]
      },
      "id": "way/1443451638"
    },
    {
      "type": "Feature",
      "properties": {
        "@id": "way/1443451639",
        "layer": "-1",
        "tunnel": "culvert",
        "waterway": "stream"
      },
      "geometry": {
        "type": "LineString",
        "coordinates": [
          [
            102.4621361,
            17.2376966
          ],
          [
            102.4622416,
            17.2369649
          ]
        ]
      },
      "id": "way/1443451639"
    },
    {
      "type": "Feature",
      "properties": {
        "@id": "way/1443451647",
        "name": "คลองเชียง",
        "name:en": "Chiang",
        "waterway": "stream"
      },
      "geometry": {
        "type": "LineString",
        "coordinates": [
          [
            102.4574678,
            17.2302212
          ],
          [
            102.4573693,
            17.2303032
          ],
          [
            102.457033,
            17.2304381
          ],
          [
            102.4568245,
            17.2305858
          ],
          [
            102.4565085,
            17.2306532
          ],
          [
            102.4562933,
            17.2306532
          ],
          [
            102.4562025,
            17.2304991
          ],
          [
            102.4561756,
            17.2303578
          ],
          [
            102.4560512,
            17.2302968
          ],
          [
            102.4558055,
            17.2298954
          ],
          [
            102.4555235,
            17.2297363
          ],
          [
            102.4554295,
            17.2295824
          ],
          [
            102.4554698,
            17.2294336
          ],
          [
            102.4554349,
            17.2292642
          ],
          [
            102.4552442,
            17.2291385
          ],
          [
            102.4550508,
            17.2290539
          ],
          [
            102.4548117,
            17.2290256
          ],
          [
            102.4543792,
            17.2288974
          ],
          [
            102.454116,
            17.228669
          ],
          [
            102.4539495,
            17.2283714
          ],
          [
            102.4537964,
            17.2281046
          ],
          [
            102.4535145,
            17.2278598
          ],
          [
            102.4531862,
            17.2277472
          ],
          [
            102.4528453,
            17.2277392
          ],
          [
            102.4524409,
            17.2278441
          ],
          [
            102.4521337,
            17.2279807
          ],
          [
            102.451839,
            17.2279888
          ],
          [
            102.4514181,
            17.2280209
          ],
          [
            102.4512287,
            17.2280692
          ],
          [
            102.451073,
            17.22823
          ],
          [
            102.450892,
            17.2283104
          ],
          [
            102.4505258,
            17.2282742
          ],
          [
            102.4503743,
            17.2283707
          ],
          [
            102.4501975,
            17.2283627
          ],
          [
            102.4500333,
            17.2282179
          ],
          [
            102.4498818,
            17.2281415
          ],
          [
            102.4495914,
            17.2280933
          ],
          [
            102.4493557,
            17.2280571
          ],
          [
            102.449301,
            17.2279084
          ],
          [
            102.4491915,
            17.2276471
          ],
          [
            102.4489937,
            17.2274662
          ],
          [
            102.4489647,
            17.2272756
          ],
          [
            102.4489109,
            17.2271568
          ],
          [
            102.4487864,
            17.2271696
          ],
          [
            102.4485612,
            17.2273751
          ],
          [
            102.4484906,
            17.2275325
          ]
        ]
      },
      "id": "way/1443451647"
    },
    {
      "type": "Feature",
      "properties": {
        "@id": "way/1443451648",
        "layer": "-1",
        "tunnel": "culvert",
        "waterway": "stream"
      },
      "geometry": {
        "type": "LineString",
        "coordinates": [
          [
            102.4575392,
            17.2301618
          ],
          [
            102.4574678,
            17.2302212
          ]
        ]
      },
      "id": "way/1443451648"
    },
    {
      "type": "Feature",
      "properties": {
        "@id": "way/1443451651",
        "waterway": "stream"
      },
      "geometry": {
        "type": "LineString",
        "coordinates": [
          [
            102.4686792,
            17.2313583
          ],
          [
            102.4684653,
            17.2311438
          ],
          [
            102.4681198,
            17.2311479
          ],
          [
            102.4679326,
            17.2310281
          ],
          [
            102.4671844,
            17.2313753
          ],
          [
            102.4663625,
            17.2317729
          ],
          [
            102.4658139,
            17.2316036
          ],
          [
            102.4654667,
            17.2318717
          ],
          [
            102.4647535,
            17.2316868
          ],
          [
            102.463966,
            17.2312467
          ],
          [
            102.4635467,
            17.2307249
          ],
          [
            102.4632373,
            17.230406
          ],
          [
            102.4626616,
            17.2304005
          ],
          [
            102.4620941,
            17.2305708
          ],
          [
            102.4618119,
            17.2305788
          ],
          [
            102.4614017,
            17.2305691
          ],
          [
            102.4611294,
            17.2304696
          ],
          [
            102.4608974,
            17.2302994
          ],
          [
            102.460662,
            17.2301709
          ],
          [
            102.4604165,
            17.2301677
          ],
          [
            102.4602181,
            17.2302287
          ],
          [
            102.4599735,
            17.2302897
          ]
        ]
      },
      "id": "way/1443451651"
    },
    {
      "type": "Feature",
      "properties": {
        "@id": "way/1443451652",
        "waterway": "stream"
      },
      "geometry": {
        "type": "LineString",
        "coordinates": [
          [
            102.4700192,
            17.2313793
          ],
          [
            102.4699287,
            17.2313303
          ],
          [
            102.4697978,
            17.2312729
          ],
          [
            102.4695639,
            17.2312258
          ],
          [
            102.4693751,
            17.2312668
          ],
          [
            102.4690661,
            17.231484
          ],
          [
            102.4688537,
            17.2315332
          ],
          [
            102.4687576,
            17.2314369
          ]
        ]
      },
      "id": "way/1443451652"
    },
    {
      "type": "Feature",
      "properties": {
        "@id": "way/1443451653",
        "layer": "-1",
        "tunnel": "culvert",
        "waterway": "stream"
      },
      "geometry": {
        "type": "LineString",
        "coordinates": [
          [
            102.4687576,
            17.2314369
          ],
          [
            102.4686792,
            17.2313583
          ]
        ]
      },
      "id": "way/1443451653"
    },
    {
      "type": "Feature",
      "properties": {
        "@id": "way/1443451654",
        "layer": "-1",
        "tunnel": "culvert",
        "waterway": "stream"
      },
      "geometry": {
        "type": "LineString",
        "coordinates": [
          [
            102.4701011,
            17.2314237
          ],
          [
            102.4700192,
            17.2313793
          ]
        ]
      },
      "id": "way/1443451654"
    },
    {
      "type": "Feature",
      "properties": {
        "@id": "way/1443451655",
        "waterway": "stream"
      },
      "geometry": {
        "type": "LineString",
        "coordinates": [
          [
            102.4701384,
            17.2314438
          ],
          [
            102.4701011,
            17.2314237
          ]
        ]
      },
      "id": "way/1443451655"
    },
    {
      "type": "Feature",
      "properties": {
        "@id": "way/1448077308",
        "name": "คลองพะเนียง",
        "name:en": "Phaniang",
        "waterway": "stream"
      },
      "geometry": {
        "type": "LineString",
        "coordinates": [
          [
            102.1095645,
            17.308448
          ],
          [
            102.1095322,
            17.3081967
          ],
          [
            102.1094839,
            17.3079531
          ],
          [
            102.1093469,
            17.3078916
          ],
          [
            102.1092368,
            17.3079403
          ],
          [
            102.1090944,
            17.3080044
          ],
          [
            102.1090272,
            17.307948
          ],
          [
            102.1090514,
            17.3077556
          ],
          [
            102.1091427,
            17.3076172
          ],
          [
            102.1093442,
            17.3076018
          ],
          [
            102.1096531,
            17.3076325
          ],
          [
            102.1098948,
            17.3076095
          ],
          [
            102.1103004,
            17.307412
          ],
          [
            102.1106469,
            17.3072761
          ],
          [
            102.1107974,
            17.3073197
          ],
          [
            102.1109639,
            17.3075274
          ],
          [
            102.1110176,
            17.3076915
          ],
          [
            102.1110015,
            17.3077915
          ],
          [
            102.1108484,
            17.3079839
          ],
          [
            102.1106765,
            17.3082172
          ],
          [
            102.1106281,
            17.3083942
          ],
          [
            102.1106953,
            17.308548
          ],
          [
            102.1109048,
            17.3087558
          ],
          [
            102.1110445,
            17.3088942
          ],
          [
            102.1110525,
            17.3090789
          ],
          [
            102.1110955,
            17.3093533
          ],
          [
            102.1112325,
            17.3094482
          ],
          [
            102.1113829,
            17.309443
          ],
          [
            102.1115495,
            17.3092763
          ],
          [
            102.1116811,
            17.3089917
          ],
          [
            102.1118369,
            17.308825
          ],
          [
            102.1120437,
            17.3087968
          ],
          [
            102.1122935,
            17.3088814
          ],
          [
            102.1124493,
            17.309025
          ],
          [
            102.1125111,
            17.3092045
          ],
          [
            102.1124332,
            17.3093841
          ],
          [
            102.1123257,
            17.3095713
          ],
          [
            102.1121861,
            17.3097046
          ],
          [
            102.1119846,
            17.3098046
          ],
          [
            102.1118181,
            17.3099354
          ],
          [
            102.1118181,
            17.3100918
          ],
          [
            102.1118665,
            17.3101991
          ],
          [
            102.1119796,
            17.3103644
          ],
          [
            102.1120156,
            17.310533
          ],
          [
            102.1120036,
            17.3107064
          ],
          [
            102.1120396,
            17.3108259
          ],
          [
            102.1121767,
            17.310893
          ],
          [
            102.1124544,
            17.3108374
          ],
          [
            102.1125693,
            17.3107113
          ],
          [
            102.1126138,
            17.3105182
          ],
          [
            102.112607,
            17.3101467
          ],
          [
            102.112655,
            17.3098276
          ],
          [
            102.112727,
            17.3094971
          ],
          [
            102.1128127,
            17.309281
          ],
          [
            102.1130304,
            17.3091681
          ],
          [
            102.1132652,
            17.3092254
          ],
          [
            102.1134126,
            17.309353
          ],
          [
            102.1136063,
            17.3094676
          ],
          [
            102.1138172,
            17.309556
          ],
          [
            102.1138977,
            17.3096738
          ],
          [
            102.1139132,
            17.3098227
          ],
          [
            102.113872,
            17.3099831
          ],
          [
            102.1140246,
            17.3100911
          ],
          [
            102.1142251,
            17.3101337
          ],
          [
            102.1145628,
            17.3102368
          ],
          [
            102.1146952,
            17.3103936
          ],
          [
            102.1149458,
            17.310721
          ],
          [
            102.115302,
            17.3107021
          ],
          [
            102.1155724,
            17.3105699
          ],
          [
            102.1158494,
            17.3102173
          ],
          [
            102.1160209,
            17.3096883
          ],
          [
            102.1160341,
            17.3094679
          ],
          [
            102.1158033,
            17.3089831
          ],
          [
            102.1157043,
            17.3084038
          ],
          [
            102.1157439,
            17.3082652
          ],
          [
            102.1161462,
            17.3079882
          ],
          [
            102.1164958,
            17.3078119
          ],
          [
            102.1166409,
            17.3075537
          ],
          [
            102.11734,
            17.3075789
          ],
          [
            102.1175379,
            17.3076481
          ],
          [
            102.1178743,
            17.3082463
          ],
          [
            102.1180919,
            17.3083849
          ],
          [
            102.1183953,
            17.3085045
          ],
          [
            102.1185998,
            17.3086997
          ]
        ]
      },
      "id": "way/1448077308"
    }
  ]
}